requested_species,Run,ReleaseDate,LoadDate,spots,bases,spots_with_mates,avgLength,size_MB,AssemblyName,download_path,Experiment,LibraryName,LibraryStrategy,LibrarySelection,LibrarySource,LibraryLayout,InsertSize,InsertDev,Platform,Model,SRAStudy,BioProject,Study_Pubmed_id,ProjectID,Sample,BioSample,SampleType,TaxID,ScientificName,SampleName,g1k_pop_code,source,g1k_analysis_group,Subject_ID,Sex,Disease,Tumor,Affection_Status,Analyte_Type,Histological_Type,Body_Site,CenterName,Submission,dbgap_study_accession,Consent,RunHash,ReadHash
Quercus_robur,ERR12033538,2023-09-09 05:39:42,2023-09-13 07:57:54,161277430,48705783860,161277430,302,11662,,https://sra-downloadb.be-md.ncbi.nlm.nih.gov/sos4/sra-pub-zq-3/ERR012/12033/ERR12033538/ERR12033538.lite.1,ERX11417082,DN881300O:B9,WGS,RANDOM,GENOMIC,PAIRED,450,0,ILLUMINA,Illumina NovaSeq 6000,ERP137920,PRJEB53142,,1014675,ERS12117435,SAMEA14489996,simple,38942,Quercus robur,f9912698-e000-11ec-910f-fa163eac3af7,,,,,,,no,,,,,WELLCOME SANGER INSTITUTE,ERA27201120,,public,36C17F2B46B287857B0BAD2475F555BF,001DD4F6A73A5761C92A0ABFE34C61BB
Quercus_robur,ERR12033540,2023-09-09 05:39:42,2023-09-13 10:02:08,171786263,51879451426,171786263,302,12430,,https://sra-downloadb.be-md.ncbi.nlm.nih.gov/sos4/sra-pub-zq-3/ERR012/12033/ERR12033540/ERR12033540.lite.1,ERX11417084,DN881300O:D9,WGS,RANDOM,GENOMIC,PAIRED,450,0,ILLUMINA,Illumina NovaSeq 6000,ERP137920,PRJEB53142,,1014675,ERS12117448,SAMEA14490009,simple,38942,Quercus robur,f9b03286-e000-11ec-910f-fa163eac3af7,,,,,,,no,,,,,WELLCOME SANGER INSTITUTE,ERA27201120,,public,9598C7525845BCD569367FC5E6E8B29C,E0FA3EF78591E90E93F7B692F237B606
Quercus_robur,ERR12033541,2023-09-09 05:39:42,2023-09-13 09:53:00,134333476,40568709752,134333476,302,9721,,https://sra-downloadb.be-md.ncbi.nlm.nih.gov/sos4/sra-pub-zq-3/ERR012/12033/ERR12033541/ERR12033541.lite.1,ERX11417085,DN881300O:E9,WGS,RANDOM,GENOMIC,PAIRED,450,0,ILLUMINA,Illumina NovaSeq 6000,ERP137920,PRJEB53142,,1014675,ERS12117452,SAMEA14490013,simple,38942,Quercus robur,f9b7caf0-e000-11ec-910f-fa163eac3af7,,,,,,,no,,,,,WELLCOME SANGER INSTITUTE,ERA27201120,,public,614DC2CFCD0B6E82B9F53B860957C754,D6F9E32D7527682F41F6134460947BB5
Quercus_robur,ERR12033542,2023-09-09 05:39:42,2023-09-13 09:53:55,123027593,37154333086,123027593,302,8947,,https://sra-downloadb.be-md.ncbi.nlm.nih.gov/sos4/sra-pub-zq-3/ERR012/12033/ERR12033542/ERR12033542.lite.1,ERX11417086,DN881300O:F9,WGS,RANDOM,GENOMIC,PAIRED,450,0,ILLUMINA,Illumina NovaSeq 6000,ERP137920,PRJEB53142,,1014675,ERS12117455,SAMEA14490016,simple,38942,Quercus robur,f9c131a8-e000-11ec-910f-fa163eac3af7,,,,,,,no,,,,,WELLCOME SANGER INSTITUTE,ERA27201120,,public,B92942C0AE95C409C0B84ED078DD5666,425089F6C8C33BDB03618A7A9AA49B1F
Quercus_robur,ERR12033543,2023-09-09 05:39:42,2023-09-13 09:55:43,135982895,41066834290,135982895,302,9837,,https://sra-downloadb.be-md.ncbi.nlm.nih.gov/sos4/sra-pub-zq-3/ERR012/12033/ERR12033543/ERR12033543.lite.1,ERX11417087,DN881300O:G9,WGS,RANDOM,GENOMIC,PAIRED,450,0,ILLUMINA,Illumina NovaSeq 6000,ERP137920,PRJEB53142,,1014675,ERS12117456,SAMEA14490017,simple,38942,Quercus robur,f9c5aa3a-e000-11ec-910f-fa163eac3af7,,,,,,,no,,,,,WELLCOME SANGER INSTITUTE,ERA27201120,,public,01FD7975413B4182C67AC7D0840012E1,11C8305CDB46FE7E8CB4BD647F32ED18
Quercus_petraea,ERR12400189,2024-07-23 02:25:29,2024-08-20 09:10:58,50597618,15179285400,50597618,300,4729,,https://sra-downloadb.be-md.ncbi.nlm.nih.gov/sos6/sra-pub-zq-40/ERR012/12400/ERR12400189/ERR12400189.lite.1,ERX11776252,,WGS,unspecified,GENOMIC,PAIRED,0,0,ILLUMINA,Illumina NovaSeq 6000,ERP145809,PRJEB60751,,1094774,ERS14795594,SAMEA112794809,simple,38865,Quercus petraea,SAMEA112794809,,,,,,,no,,,,,INRAE,ERA27756633,,public,1EE6ED89AB41CC5FA611B2DA0C89A4FE,B3FC4FBC42ADD814C5B291798AE62919
Quercus_petraea,ERR12400284,2024-07-22 19:13:29,2024-08-02 17:47:22,67382816,20214844800,67382816,300,6333,,https://sra-downloadb.be-md.ncbi.nlm.nih.gov/sos6/sra-pub-zq-40/ERR012/12400/ERR12400284/ERR12400284.lite.1,ERX11776347,,WGS,unspecified,GENOMIC,PAIRED,0,0,ILLUMINA,Illumina NovaSeq 6000,ERP145809,PRJEB60751,,1094774,ERS14795623,SAMEA112794838,simple,38865,Quercus petraea,SAMEA112794838,,,,,,,no,,,,,INRAE,ERA27756814,,public,0BA3E343A6ACACF8A33B680D23800B5C,AD04ED1413AE4FE5B96612162BE76104
Quercus_petraea,ERR12405606,2024-07-22 18:46:14,2024-08-02 12:53:30,50946048,15283814400,50946048,300,4789,,https://sra-downloadb.be-md.ncbi.nlm.nih.gov/sos6/sra-pub-zq-40/ERR012/12405/ERR12405606/ERR12405606.lite.1,ERX11781657,,WGS,unspecified,GENOMIC,PAIRED,0,0,ILLUMINA,Illumina NovaSeq 6000,ERP145809,PRJEB60751,,1094774,ERS14795634,SAMEA112794849,simple,38865,Quercus petraea,SAMEA112794849,,,,,,,no,,,,,INRAE,ERA27759883,,public,14AC8F251EBC25540BEF31CE10D4D755,C5764AEB46208BFC9AEE5F4AC381A5B1
Quercus_petraea,ERR12400188,2024-07-23 01:04:10,2024-08-03 17:14:05,43991281,13197384300,43991281,300,4098,,https://sra-downloadb.be-md.ncbi.nlm.nih.gov/sos6/sra-pub-zq-40/ERR012/12400/ERR12400188/ERR12400188.lite.1,ERX11776251,,WGS,unspecified,GENOMIC,PAIRED,0,0,ILLUMINA,Illumina NovaSeq 6000,ERP145809,PRJEB60751,,1094774,ERS14795657,SAMEA112794872,simple,38865,Quercus petraea,SAMEA112794872,,,,,,,no,,,,,INRAE,ERA27756625,,public,C82D5808F5127920CB0D5DFECB2B03EE,ECFE57ADD16340CE8319EABEFD7E0181
Quercus_petraea,ERR12400190,2024-07-23 01:04:10,2024-08-18 13:49:08,39035005,11710501500,39035005,300,3731,,https://sra-downloadb.be-md.ncbi.nlm.nih.gov/sos6/sra-pub-zq-40/ERR012/12400/ERR12400190/ERR12400190.lite.1,ERX11776253,,WGS,unspecified,GENOMIC,PAIRED,0,0,ILLUMINA,Illumina NovaSeq 6000,ERP145809,PRJEB60751,,1094774,ERS14795700,SAMEA112794915,simple,38865,Quercus petraea,SAMEA112794915,,,,,,,no,,,,,INRAE,ERA27756634,,public,C1EBF9EE31BBDE31B0E26ED9CB91A427,A91F80776B067145B9BC01D2D1918E7B
Quercus_acutissima,SRR16248130,2021-10-08 09:54:35,2021-10-08 07:19:13,85268363,25580508900,85268363,300,10751,,https://sra-downloadb.be-md.ncbi.nlm.nih.gov/sos8/sra-pub-zq-820/SRR016/16248/SRR16248130/SRR16248130.lite.1,SRX12527959,Z0916-1-5_NDSW54452,WGS,RANDOM,GENOMIC,PAIRED,0,0,ILLUMINA,Illumina NovaSeq 6000,SRP340491,PRJNA769460,,769460,SRS10488222,SAMN22137883,simple,58330,Quercus acutissima,Z0916-1-5_NDSW54452,,,,,,,no,,,,,CHINESE ACADEMY OF SCIENCES,SRA1307771,,public,7B3598156A4AA1037AEE29378706B6E0,B16D463A02444F5B96457116310A99EC
Quercus_acutissima,SRR16248111,2021-10-08 06:55:44,2021-10-08 05:57:57,81975552,24592665600,81975552,300,9990,,https://sra-downloadb.be-md.ncbi.nlm.nih.gov/sos9/sra-pub-zq-922/SRR016/16248/SRR16248111/SRR16248111.lite.1,SRX12527978,s0809-2-2_NDSW49956,WGS,RANDOM,GENOMIC,PAIRED,0,0,ILLUMINA,Illumina NovaSeq 6000,SRP340491,PRJNA769460,,769460,SRS10488241,SAMN22137856,simple,58330,Quercus acutissima,s0809-2-2_NDSW49956,,,,,,,no,,,,,CHINESE ACADEMY OF SCIENCES,SRA1307771,,public,A383A9E58D639BD642A4D8CD05FE1C19,F5E4588324AC619EC50EE919F20C19A6
Quercus_acutissima,SRR16248136,2021-10-08 08:56:49,2021-10-08 06:43:53,87303054,26190916200,87303054,300,10137,,https://sra-downloadb.be-md.ncbi.nlm.nih.gov/sos9/sra-pub-zq-922/SRR016/16248/SRR16248136/SRR16248136.lite.1,SRX12527953,s0915-2-8_NDSW54441,WGS,RANDOM,GENOMIC,PAIRED,0,0,ILLUMINA,Illumina NovaSeq 6000,SRP340491,PRJNA769460,,769460,SRS10488216,SAMN22137880,simple,58330,Quercus acutissima,s0915-2-8_NDSW54441,,,,,,,no,,,,,CHINESE ACADEMY OF SCIENCES,SRA1307771,,public,DAEBF3A5AB0CF1DF97986DF8D7903E41,9F18A17899B31E2C8DB217F2B75E747A
Quercus_acutissima,SRR16248089,2021-10-08 08:56:50,2021-10-08 06:44:05,115332836,34599850800,115332836,300,11097,,https://sra-downloadb.be-md.ncbi.nlm.nih.gov/sos9/sra-pub-zq-922/SRR016/16248/SRR16248089/SRR16248089.lite.1,SRX12528000,GJDNA122_BDSW190003088-1a,WGS,RANDOM,GENOMIC,PAIRED,0,0,ILLUMINA,Illumina NovaSeq 6000,SRP340491,PRJNA769460,,769460,SRS10488263,SAMN22137858,simple,58330,Quercus acutissima,GJDNA122_BDSW190003088-1a,,,,,,,no,,,,,CHINESE ACADEMY OF SCIENCES,SRA1307771,,public,37B67108017EA3543060AAD6D1092294,9EA195F083D96B6EC62882B550B873E7
Quercus_acutissima,SRR16661031,2022-02-03 08:01:16,2021-11-06 00:02:16,94343509,28303052700,94343509,300,11025,,https://sra-downloadb.be-md.ncbi.nlm.nih.gov/sos1/sra-pub-zq-38/SRR016/16661/SRR16661031/SRR16661031.lite.1,SRX12861773,L74,WGS,RANDOM PCR,GENOMIC,PAIRED,0,0,ILLUMINA,Illumina NovaSeq 6000,SRP343961,PRJNA773751,,773751,SRS10805018,SAMN22511291,simple,58330,Quercus acutissima,s0916-2-12_NDSW54443,,,,,,,no,,,,,SOUTH CHINA BOTANICAL GARDEN,SRA1320079,,public,AAEA92705E27376046AF3DABE3626248,8C30410830D7F87D340C4CE965D4F9BC
Quercus_variabilis,SRR26589720,2025-04-07 05:08:45,2023-10-30 23:28:32,115981668,34794500400,115981668,300,11402,,https://sra-downloadb.be-md.ncbi.nlm.nih.gov/sos7/sra-pub-zq-41/SRR026/26589/SRR26589720/SRR26589720.lite.1,SRX22290872,s0901-1-11_NDSW57002,WGS,RANDOM,GENOMIC,PAIRED,0,0,ILLUMINA,Illumina NovaSeq 6000,SRP469242,PRJNA1033777,,1033777,SRS19341831,SAMN38043997,simple,103481,Quercus variabilis,s0901-1-11_NDSW57002,,,,,,,no,,,,,CHINESE ACADEMY OF SCIENCES,SRA1742005,,public,E8D798FF69389D9FFDB4DC9E89FFDE44,AA0993D4F21B8842FD9779741E6C31D2
Quercus_variabilis,SRR26589721,2025-04-07 05:08:45,2023-10-30 23:39:51,100431234,30129370200,100431234,300,12565,,https://sra-downloadb.be-md.ncbi.nlm.nih.gov/sos7/sra-pub-zq-41/SRR026/26589/SRR26589721/SRR26589721.lite.1,SRX22290871,s0901-1-15_NDSW54435,WGS,RANDOM,GENOMIC,PAIRED,0,0,ILLUMINA,Illumina NovaSeq 6000,SRP469242,PRJNA1033777,,1033777,SRS19341833,SAMN38043996,simple,103481,Quercus variabilis,s0901-1-15_NDSW54435,,,,,,,no,,,,,CHINESE ACADEMY OF SCIENCES,SRA1742005,,public,59C1E46F247A7E0C5317D414A430D1CB,35822389FD2A25128CB760CA9309AF3C
Quercus_variabilis,SRR26589718,2025-04-07 05:08:46,2023-10-30 23:28:17,117172318,35151695400,117172318,300,11282,,https://sra-downloadb.be-md.ncbi.nlm.nih.gov/sos7/sra-pub-zq-41/SRR026/26589/SRR26589718/SRR26589718.lite.1,SRX22290874,s0901-1-17_NDSW57003,WGS,RANDOM,GENOMIC,PAIRED,0,0,ILLUMINA,Illumina NovaSeq 6000,SRP469242,PRJNA1033777,,1033777,SRS19341834,SAMN38043999,simple,103481,Quercus variabilis,s0901-1-17_NDSW57003,,,,,,,no,,,,,CHINESE ACADEMY OF SCIENCES,SRA1742005,,public,1943B2CBA3E7D99C4C71875CD3FDCB49,72056619BF8974721B96C02E69240952
Quercus_variabilis,SRR26589716,2025-04-07 05:08:46,2023-10-30 23:28:05,111030742,33309222600,111030742,300,10574,,https://sra-downloadb.be-md.ncbi.nlm.nih.gov/sos7/sra-pub-zq-41/SRR026/26589/SRR26589716/SRR26589716.lite.1,SRX22290876,s0904-1-15_NDSW57004,WGS,RANDOM,GENOMIC,PAIRED,0,0,ILLUMINA,Illumina NovaSeq 6000,SRP469242,PRJNA1033777,,1033777,SRS19341836,SAMN38044001,simple,103481,Quercus variabilis,s0904-1-15_NDSW57004,,,,,,,no,,,,,CHINESE ACADEMY OF SCIENCES,SRA1742005,,public,B9DDF84D29269049A64CC83B2C8BD52B,AF86CD4B250F9C0D389DD4E5682E50CE
Quercus_variabilis,SRR26589715,2025-04-07 05:08:46,2023-10-30 23:33:58,84257465,25277239500,84257465,300,9789,,https://sra-downloadb.be-md.ncbi.nlm.nih.gov/sos7/sra-pub-zq-41/SRR026/26589/SRR26589715/SRR26589715.lite.1,SRX22290877,s0712-4-1_NDSW49925,WGS,RANDOM,GENOMIC,PAIRED,0,0,ILLUMINA,Illumina NovaSeq 6000,SRP469242,PRJNA1033777,,1033777,SRS19341837,SAMN38043939,simple,103481,Quercus variabilis,s0712-4-1_NDSW49925,,,,,,,no,,,,,CHINESE ACADEMY OF SCIENCES,SRA1742005,,public,F0F374903D2169EB3312F8A5654C3094,AB0200874E29DD1CCB6FA264D606E546
Quercus_rubra,ERR10015092,2022-11-30 23:34:53,2022-12-16 03:42:38,96976954,29065719969,96976954,299,7128,,https://sra-downloadb.be-md.ncbi.nlm.nih.gov/sos8/sra-pub-zq-820/ERR010/10015/ERR10015092/ERR10015092.lite.1,ERX9556033,CRN_ADOSDC_6_1_HGCTHBBXY.12BA140,WGS,RANDOM,GENOMIC,PAIRED,0,0,ILLUMINA,Illumina HiSeq 4000,ERP139684,PRJEB54826,,906849,ERS12479988,SAMEA110381793,simple,3512,Quercus rubra,SAMEA110381793,,,,,,,no,,,,,INRA BORDEAUX,ERA16657921,,public,2E49264A28F6E20D747A2BBA28A0F9EA,F1C5C99ACB68611466C9F6411CA3DE66
Quercus_guyavifolia,SRR11398771,2021-04-01 00:07:47,2020-03-24 05:53:50,51844416,15553324800,51844416,300,5623,,https://sra-downloadb.be-md.ncbi.nlm.nih.gov/sos8/sra-pub-zq-820/SRR011/11398/SRR11398771/SRR11398771.lite.1,SRX7977507,NDSW66327,WGS,RANDOM,GENOMIC,PAIRED,0,0,ILLUMINA,HiSeq X Ten,SRP253817,PRJNA614601,,614601,SRS6362203,SAMN14433646,simple,2294079,Quercus guyavifolia,GMXG2,,,,,,,no,,,,,"KUNMING INSTITUTE OF BOTANY, CHINESE ACADEMY OF SCIENCES",SRA1058648,,public,094B72C295D1499D762CBDC0E1C88C01,8DF01C1875DAE608DE8000D743831367
Quercus_guyavifolia,SRR11398778,2021-04-01 00:07:46,2020-03-24 05:24:49,48876233,14662869900,48876233,300,5337,,https://sra-downloadb.be-md.ncbi.nlm.nih.gov/sos8/sra-pub-zq-820/SRR011/11398/SRR11398778/SRR11398778.lite.1,SRX7977500,NDSW66320,WGS,RANDOM,GENOMIC,PAIRED,0,0,ILLUMINA,HiSeq X Ten,SRP253817,PRJNA614601,,614601,SRS6362196,SAMN14433640,simple,2294079,Quercus guyavifolia,GZD4,,,,,,,no,,,,,"KUNMING INSTITUTE OF BOTANY, CHINESE ACADEMY OF SCIENCES",SRA1058648,,public,6907CB7DB8693F06C62F7AE9F50317F3,6B168D7B8F5816F4F7C9D00F29A97371
Quercus_lobata,SRR14632927,2021-05-24 16:15:11,2021-05-24 15:26:57,119506627,24140338654,119506627,202,10495,,https://sra-downloadb.be-md.ncbi.nlm.nih.gov/sos4/sra-pub-zq-1/SRR014/14632/SRR14632927/SRR14632927.lite.1,SRX10972847,Qlob.CRE.5.00F.b,WGS,RANDOM,GENOMIC,PAIRED,0,0,ILLUMINA,Illumina HiSeq 4000,SRP319863,PRJNA729978,,729978,SRS9050286,SAMN19163032,simple,97700,Quercus lobata,Qlob.CRE.5.00F.b,,,,,,,no,,,,,"UNIVERSITY OF CALIFORNIA, LOS ANGELES",SRA1234471,,public,34FD8EB826A2EE51BA1D04E1763F5017,C5A635E2C6B04139138DF0670833A759
Quercus_lobata,SRR14632920,2021-05-24 16:59:48,2021-05-24 16:00:55,130507268,26362468136,130507268,202,10632,,https://sra-downloadb.be-md.ncbi.nlm.nih.gov/sos4/sra-pub-zq-1/SRR014/14632/SRR14632920/SRR14632920.lite.1,SRX10972854,Qlob.CTW.6.00F.b,WGS,RANDOM,GENOMIC,PAIRED,0,0,ILLUMINA,Illumina HiSeq 4000,SRP319863,PRJNA729978,,729978,SRS9050293,SAMN19163033,simple,97700,Quercus lobata,Qlob.CTW.6.00F.b,,,,,,,no,,,,,"UNIVERSITY OF CALIFORNIA, LOS ANGELES",SRA1234471,,public,4C6C1489AB0587E06188B3C7AF13B213,C734B06835609E25388322B9B48E561D
Quercus_lobata,SRR14632929,2021-05-24 15:29:35,2021-05-24 15:11:36,113499351,22926868902,113499351,202,10343,,https://sra-downloadb.be-md.ncbi.nlm.nih.gov/sos4/sra-pub-zq-1/SRR014/14632/SRR14632929/SRR14632929.lite.1,SRX10972845,Qlob.PSK.4.00F.w6,WGS,RANDOM,GENOMIC,PAIRED,0,0,ILLUMINA,Illumina HiSeq 4000,SRP319863,PRJNA729978,,729978,SRS9050285,SAMN19163125,simple,97700,Quercus lobata,Qlob.PSK.4.00F.w6,,,,,,,no,,,,,"UNIVERSITY OF CALIFORNIA, LOS ANGELES",SRA1234471,,public,F613FC9DB754E33517878AFAD3655C53,77E07D99FCE8D8B2026A1846613943DF
Quercus_lobata,SRR14632924,2021-05-24 16:15:11,2021-05-24 15:20:08,162896895,32905172790,162896895,202,14508,,https://sra-downloadb.be-md.ncbi.nlm.nih.gov/sos4/sra-pub-zq-1/SRR014/14632/SRR14632924/SRR14632924.lite.1,SRX10972850,Qlob.TAC.3.00F.w6,WGS,RANDOM,GENOMIC,PAIRED,0,0,ILLUMINA,Illumina HiSeq 4000,SRP319863,PRJNA729978,,729978,SRS9050289,SAMN19163129,simple,97700,Quercus lobata,Qlob.TAC.3.00F.w6,,,,,,,no,,,,,"UNIVERSITY OF CALIFORNIA, LOS ANGELES",SRA1234471,,public,D4B254BF4C1C0069EC74CB3079640B3A,5C0AF1FC0CE41EE257B637DE18E1313E
Quercus_lobata,SRR14632922,2021-05-24 15:29:35,2021-05-24 15:01:49,74992505,15148486010,74992505,202,6679,,https://sra-downloadb.be-md.ncbi.nlm.nih.gov/sos4/sra-pub-zq-1/SRR014/14632/SRR14632922/SRR14632922.lite.1,SRX10972852,Qlob.WIL.3.00F.w6,WGS,RANDOM,GENOMIC,PAIRED,0,0,ILLUMINA,Illumina HiSeq 4000,SRP319863,PRJNA729978,,729978,SRS9050291,SAMN19163131,simple,97700,Quercus lobata,Qlob.WIL.3.00F.w6,,,,,,,no,,,,,"UNIVERSITY OF CALIFORNIA, LOS ANGELES",SRA1234471,,public,8DA2D1173A0381EDF7F3A910AF85B6AD,C89875B435665D1D849C2853EB8951F4
Quercus_fabri,SRR16661048,2022-02-03 08:01:16,2021-11-01 12:06:09,90361924,27108577200,90361924,300,10528,,https://sra-downloadb.be-md.ncbi.nlm.nih.gov/sos9/sra-pub-zq-922/SRR016/16661/SRR16661048/SRR16661048.lite.1,SRX12861756,L59,WGS,RANDOM PCR,GENOMIC,PAIRED,0,0,ILLUMINA,Illumina NovaSeq 6000,SRP343961,PRJNA773751,,773751,SRS10805001,SAMN22511276,simple,1077959,Quercus fabri,s0716-3-5_NDSW49913,,,,,,,no,,,,,SOUTH CHINA BOTANICAL GARDEN,SRA1320079,,public,F59B527D111DB9B1541678CA7BAF3806,7A7E769F22A62361536FC28AEC20B6D0
Quercus_fabri,SRR16661037,2022-02-03 08:01:16,2021-11-01 11:20:55,69442570,20832771000,69442570,300,7065,,https://sra-downloadb.be-md.ncbi.nlm.nih.gov/sos1/sra-pub-zq-38/SRR016/16661/SRR16661037/SRR16661037.lite.1,SRX12861767,L69,WGS,RANDOM PCR,GENOMIC,PAIRED,0,0,ILLUMINA,Illumina NovaSeq 6000,SRP343961,PRJNA773751,,773751,SRS10805012,SAMN22511286,simple,1077959,Quercus fabri,s0810-2-6_BDSW190010071-1a,,,,,,,no,,,,,SOUTH CHINA BOTANICAL GARDEN,SRA1320079,,public,4A6F333036B1875167AA85FE9A770E12,D502123F773AF26F9D4B8B557E72DDE5
Quercus_guyavifolia,SRR16661119,2022-02-03 08:01:16,2021-11-01 14:08:37,90135730,27040719000,90135730,300,8370,,https://sra-downloadb.be-md.ncbi.nlm.nih.gov/sos1/sra-pub-zq-38/SRR016/16661/SRR16661119/SRR16661119.lite.1,SRX12861685,L1,WGS,RANDOM PCR,GENOMIC,PAIRED,0,0,ILLUMINA,Illumina NovaSeq 6000,SRP343961,PRJNA773751,,773751,SRS10804932,SAMN22511218,simple,2294079,Quercus guyavifolia,HBL,,,,,,,no,,,,,SOUTH CHINA BOTANICAL GARDEN,SRA1320079,,public,1AF88FF58C9A0F2229067A1344FA13EE,27B975422B315C61516916179A837E97
Quercus_rubra,SRR16661095,2022-02-03 08:01:16,2021-11-01 12:03:41,98660105,29598031500,98660105,300,9733,,https://sra-downloadb.be-md.ncbi.nlm.nih.gov/sos1/sra-pub-zq-38/SRR016/16661/SRR16661095/SRR16661095.lite.1,SRX12861709,L16,WGS,RANDOM PCR,GENOMIC,PAIRED,0,0,ILLUMINA,Illumina NovaSeq 6000,SRP343961,PRJNA773751,,773751,SRS10804954,SAMN22511233,simple,3512,Quercus rubra,PM-16,,,,,,,no,,,,,SOUTH CHINA BOTANICAL GARDEN,SRA1320079,,public,0FED262714CED215B4390DA90CAA0FB4,95A5E8A39A5F246B2EFE72E27597459C
Quercus_rubra,SRR16661060,2022-02-03 08:01:16,2021-11-01 12:00:41,103187250,30956175000,103187250,300,10258,,https://sra-downloadb.be-md.ncbi.nlm.nih.gov/sos1/sra-pub-zq-38/SRR016/16661/SRR16661060/SRR16661060.lite.1,SRX12861744,L48,WGS,RANDOM PCR,GENOMIC,PAIRED,0,0,ILLUMINA,Illumina NovaSeq 6000,SRP343961,PRJNA773751,,773751,SRS10804989,SAMN22511265,simple,3512,Quercus rubra,QL-10-1,,,,,,,no,,,,,SOUTH CHINA BOTANICAL GARDEN,SRA1320079,,public,DCFBB27A772553877068919891432ACC,3078D80D7C640289E8C0EFAABF553641
Quercus_rubra,SRR16661059,2022-02-03 08:01:16,2021-11-01 12:56:46,119687092,35906127600,119687092,300,11747,,https://sra-downloadb.be-md.ncbi.nlm.nih.gov/sos1/sra-pub-zq-38/SRR016/16661/SRR16661059/SRR16661059.lite.1,SRX12861745,L49,WGS,RANDOM PCR,GENOMIC,PAIRED,0,0,ILLUMINA,Illumina NovaSeq 6000,SRP343961,PRJNA773751,,773751,SRS10804990,SAMN22511266,simple,3512,Quercus rubra,QL-10-2,,,,,,,no,,,,,SOUTH CHINA BOTANICAL GARDEN,SRA1320079,,public,D49ADBD585722822640782283E84E94E,75B62B7082246BDA299C6A235AFB03CB
Quercus_rubra,SRR23696573,2023-05-11 15:42:39,2023-03-04 12:46:29,563052148,170041748696,563052148,302,57095,,https://sra-downloadb.be-md.ncbi.nlm.nih.gov/sos4/sra-pub-zq-3/SRR023/23696/SRR23696573/SRR23696573.lite.1,SRX19558732,HiC,WGS,RANDOM,GENOMIC,PAIRED,0,0,ILLUMINA,Illumina HiSeq 2000,SRP425524,PRJNA938173,3,938173,SRS16943218,SAMN33427328,simple,3512,Quercus rubra,NRO_Reference,,,,,,,no,,,,,"UNIVERSITY OF TENNESSEE, KNOXVILLE",SRA1595081,,public,2AE393C0FBEA42F24176CD3EF826C6B9,240A7A469F63BFA5E41D652216B71D2D
Quercus_rubra,SRR23696575,2023-05-11 15:42:39,2023-03-03 16:00:35,46134665,13359819750,42930800,289,5038,,https://sra-downloadb.be-md.ncbi.nlm.nih.gov/sos4/sra-pub-zq-3/SRR023/23696/SRR23696575/SRR23696575.lite.1,SRX19558730,Illumina,WGS,RANDOM,GENOMIC,PAIRED,0,0,ILLUMINA,NextSeq 1000,SRP425524,PRJNA938173,3,938173,SRS16943218,SAMN33427328,simple,3512,Quercus rubra,NRO_Reference,,,,,,,no,,,,,"UNIVERSITY OF TENNESSEE, KNOXVILLE",SRA1595081,,public,77FB38F6BAC8269BA186C2AB20C1085B,F3398D4271C6C3446127F643E2FB97C5
Quercus_rubra,SRR27110051,2023-12-06 13:43:00,2023-12-06 12:41:15,64258651,12851730200,64258651,200,4832,,https://sra-downloadb.be-md.ncbi.nlm.nih.gov/sos9/sra-pub-zq-924/SRR027/27110/SRR27110051/SRR27110051.lite.1,SRX22799027,Illumina 100bp x 2,WGS,PCR,GENOMIC,PAIRED,0,0,ILLUMINA,Illumina HiSeq 4000,SRP463476,PRJNA1021599,,1021599,SRS19782614,SAMN38693978,simple,3512,Quercus rubra,rubra_SM1,,,,,,,no,,,,,"UNIVERSITY OF TENNESSEE, KNOXVILLE",SRA1764025,,public,8CF91BD84AEB94EC393823A74CDF2906,E15D83FF9B65AEAAE7F1EDFEA686B6B9
Quercus_rubra,SRR32267808,2025-02-07 13:46:56,2025-02-07 13:41:05,22117759,6635327700,22117759,300,2063,,https://sra-downloadb.be-md.ncbi.nlm.nih.gov/sos7/sra-pub-zq-41/SRR032/32267/SRR32267808/SRR32267808.lite.1,SRX27604944,D21-315002,WGS,RANDOM,GENOMIC,PAIRED,0,0,ILLUMINA,Illumina NovaSeq 6000,SRP562241,PRJNA1220690,,1220690,SRS24014645,SAMN46722753,simple,3512,Quercus rubra,D21-315002,,,,,,,no,,,,,UNIVERSITY OF VIRGINIA,SRA2073007,,public,86E2EC2AF5104A9E8FFFB329F982130B,29B115C8CA5C450A27FBD45479E5954E
Quercus_rubra,SRR32267797,2025-02-07 13:46:56,2025-02-07 13:39:17,20796798,6239039400,20796798,300,1939,,https://sra-downloadb.be-md.ncbi.nlm.nih.gov/sos7/sra-pub-zq-41/SRR032/32267/SRR32267797/SRR32267797.lite.1,SRX27604955,D21-315003,WGS,RANDOM,GENOMIC,PAIRED,0,0,ILLUMINA,Illumina NovaSeq 6000,SRP562241,PRJNA1220690,,1220690,SRS24014656,SAMN46722754,simple,3512,Quercus rubra,D21-315003,,,,,,,no,,,,,UNIVERSITY OF VIRGINIA,SRA2073007,,public,A341BF72034609D23F9DC640FFDE0D7A,9ED15DA28DE839F5CEEDEAF845647217
Quercus_rubra,SRR32267770,2025-02-07 13:46:58,2025-02-07 13:40:47,23279081,6983724300,23279081,300,2219,,https://sra-downloadb.be-md.ncbi.nlm.nih.gov/sos7/sra-pub-zq-41/SRR032/32267/SRR32267770/SRR32267770.lite.1,SRX27604982,D21-315195,WGS,RANDOM,GENOMIC,PAIRED,0,0,ILLUMINA,Illumina NovaSeq 6000,SRP562241,PRJNA1220690,,1220690,SRS24014683,SAMN46722796,simple,3512,Quercus rubra,D21-315195,,,,,,,no,,,,,UNIVERSITY OF VIRGINIA,SRA2073007,,public,AA041000A294D25A4ED3E4E9883E9FF5,4E90492D2FD7E52FC2F4B5075A379241
Quercus_aquifolioides,SRR11398807,2021-04-01 00:07:45,2020-03-24 05:05:56,46627996,13988398800,46627996,300,5209,,https://sra-downloadb.be-md.ncbi.nlm.nih.gov/sos9/sra-pub-zq-922/SRR011/11398/SRR11398807/SRR11398807.lite.1,SRX7977471,NDSW66421,WGS,RANDOM,GENOMIC,PAIRED,0,0,ILLUMINA,HiSeq X Ten,SRP253817,PRJNA614601,,614601,SRS6362166,SAMN14433613,simple,1495044,Quercus aquifolioides,APDC2,,,,,,,no,,,,,"KUNMING INSTITUTE OF BOTANY, CHINESE ACADEMY OF SCIENCES",SRA1058648,,public,B78D4D8AEAE5F9F71D93A643896EF2DC,C8D8EED6BBC76D669A825733D6B03BD1
Quercus_aquifolioides,SRR11398804,2021-04-01 00:07:45,2020-03-24 05:17:54,47426499,14227949700,47426499,300,5120,,https://sra-downloadb.be-md.ncbi.nlm.nih.gov/sos5/sra-pub-zq-16/SRR011/11398/SRR11398804/SRR11398804.lite.1,SRX7977474,NDSW66323,WGS,RANDOM,GENOMIC,PAIRED,0,0,ILLUMINA,HiSeq X Ten,SRP253817,PRJNA614601,,614601,SRS6362170,SAMN14433616,simple,1495044,Quercus aquifolioides,APDC5,,,,,,,no,,,,,"KUNMING INSTITUTE OF BOTANY, CHINESE ACADEMY OF SCIENCES",SRA1058648,,public,2A1A34F1E623655D4FE64E1D40452768,97621DD366566599C6D9F92EC0CB5555
Quercus_guyavifolia,SRR11398769,2021-04-01 00:07:47,2020-03-24 05:26:03,44137289,13241186700,44137289,300,4688,,https://sra-downloadb.be-md.ncbi.nlm.nih.gov/sos9/sra-pub-zq-924/SRR011/11398/SRR11398769/SRR11398769.lite.1,SRX7977509,NDSW65375,WGS,RANDOM,GENOMIC,PAIRED,0,0,ILLUMINA,HiSeq X Ten,SRP253817,PRJNA614601,,614601,SRS6362204,SAMN14433648,simple,2294079,Quercus guyavifolia,GMXG4,,,,,,,no,,,,,"KUNMING INSTITUTE OF BOTANY, CHINESE ACADEMY OF SCIENCES",SRA1058648,,public,2F4187C4C303BF9B519D6E5F043200B7,7AC6F1A07C95E66D1A032727ABE7C619
Quercus_guyavifolia,SRR11398764,2021-04-01 00:07:47,2020-03-24 05:46:10,44767218,13430165400,44767218,300,4927,,https://sra-downloadb.be-md.ncbi.nlm.nih.gov/sos8/sra-pub-zq-820/SRR011/11398/SRR11398764/SRR11398764.lite.1,SRX7977514,NDSW66329,WGS,RANDOM,GENOMIC,PAIRED,0,0,ILLUMINA,HiSeq X Ten,SRP253817,PRJNA614601,,614601,SRS6362211,SAMN14433652,simple,2294079,Quercus guyavifolia,GMXG8,,,,,,,no,,,,,"KUNMING INSTITUTE OF BOTANY, CHINESE ACADEMY OF SCIENCES",SRA1058648,,public,8992D7A2CF2DE4562025D2BEE96045EF,2AE6ACAE9892D278668AF500CA2B8CDC
Quercus_aquifolioides,SRR13569288,2021-02-06 21:25:37,2021-02-06 20:17:54,438305170,131491551000,438305170,300,43277,,https://sra-downloadb.be-md.ncbi.nlm.nih.gov/sos9/sra-pub-zq-924/SRR013/13569/SRR13569288/SRR13569288.lite.1,SRX9967503,Qaqu01,WGS,RANDOM,GENOMIC,PAIRED,0,0,ILLUMINA,Illumina HiSeq 4000,SRP303567,PRJNA694730,,694730,SRS8140296,SAMN17573486,simple,1495044,Quercus aquifolioides,Qaqu01,,,,,,,no,,,,,SCHOOL OF FOOD AND BIOLOGICAL ENGINEERING,SRA1188747,,public,117D3D7E17921A80101061BBA21501F8,8329F08E29683BB20BC9EF880D2AE980
Quercus_aquifolioides,SRR16661008,2022-02-03 08:01:16,2021-11-01 11:46:45,110106613,33031983900,110106613,300,10813,,https://sra-downloadb.be-md.ncbi.nlm.nih.gov/sos1/sra-pub-zq-38/SRR016/16661/SRR16661008/SRR16661008.lite.1,SRX12861796,L95,WGS,RANDOM PCR,GENOMIC,PAIRED,0,0,ILLUMINA,Illumina NovaSeq 6000,SRP343961,PRJNA773751,,773751,SRS10805041,SAMN22511312,simple,1495044,Quercus aquifolioides,s729-1-1,,,,,,,no,,,,,SOUTH CHINA BOTANICAL GARDEN,SRA1320079,,public,D90DDD8B425811E2362C0CB90956E42A,AFF48068F040CAFBCAFDD65E32410058
Quercus_aquifolioides,SRR16661007,2022-02-03 08:01:17,2021-11-01 12:46:52,99116646,29734993800,99116646,300,9070,,https://sra-downloadb.be-md.ncbi.nlm.nih.gov/sos1/sra-pub-zq-38/SRR016/16661/SRR16661007/SRR16661007.lite.1,SRX12861797,L96,WGS,RANDOM PCR,GENOMIC,PAIRED,0,0,ILLUMINA,Illumina NovaSeq 6000,SRP343961,PRJNA773751,,773751,SRS10805042,SAMN22511313,simple,1495044,Quercus aquifolioides,s729-1-3,,,,,,,no,,,,,SOUTH CHINA BOTANICAL GARDEN,SRA1320079,,public,5B609E353BB9329AFAC26AF1488AFDAF,70995AEB13B2EB5733B9AFDF111B4435
Quercus_dentata,SRR16996306,2023-12-01 00:03:03,2021-11-22 00:03:43,137896025,41368807500,137896025,300,12862,,https://sra-downloadb.be-md.ncbi.nlm.nih.gov/sos1/sra-pub-zq-38/SRR016/16996/SRR16996306/SRR16996306.lite.1,SRX13186548,L23,WGS,RANDOM PCR,GENOMIC,PAIRED,0,0,ILLUMINA,Illumina NovaSeq 6000,SRP347127,PRJNA779113,,779113,SRS11115038,SAMN23012492,simple,103484,Quercus dentata,SCXC1-1,,,,,,,no,,,,,SOUTH CHINA BOTANICAL GARDEN,SRA1332594,,public,7B0E6AB0380C9D8B83CCB9ECDF2704BE,EEC88B565717D036C5080C71265BF577
Quercus_dentata,SRR16996303,2023-12-01 00:03:03,2021-11-21 23:29:20,129227853,38768355900,129227853,300,12036,,https://sra-downloadb.be-md.ncbi.nlm.nih.gov/sos8/sra-pub-zq-818/SRR016/16996/SRR16996303/SRR16996303.lite.1,SRX13186551,L26,WGS,RANDOM PCR,GENOMIC,PAIRED,0,0,ILLUMINA,Illumina NovaSeq 6000,SRP347127,PRJNA779113,,779113,SRS11115041,SAMN23012495,simple,103484,Quercus dentata,SCXC1-4,,,,,,,no,,,,,SOUTH CHINA BOTANICAL GARDEN,SRA1332594,,public,70B33CCD6D5B857ABE57438E157376A2,3D35F25671CE4FDD0537E713C3619BBC
Quercus_dentata,SRR16996295,2023-12-01 00:03:03,2021-11-21 23:44:32,137660666,41298199800,137660666,300,12794,,https://sra-downloadb.be-md.ncbi.nlm.nih.gov/sos8/sra-pub-zq-820/SRR016/16996/SRR16996295/SRR16996295.lite.1,SRX13186559,L33,WGS,RANDOM PCR,GENOMIC,PAIRED,0,0,ILLUMINA,Illumina NovaSeq 6000,SRP347127,PRJNA779113,,779113,SRS11115050,SAMN23012502,simple,103484,Quercus dentata,YNJDZ1-2,,,,,,,no,,,,,SOUTH CHINA BOTANICAL GARDEN,SRA1332594,,public,B84784631CB1CBBCA5E59768A5834326,BA693F8078974C29444D55990F3FC94A
Quercus_dentata,SRR16996281,2023-12-01 00:03:04,2021-11-21 23:32:58,125465699,37639709700,125465699,300,11850,,https://sra-downloadb.be-md.ncbi.nlm.nih.gov/sos8/sra-pub-zq-820/SRR016/16996/SRR16996281/SRR16996281.lite.1,SRX13186573,L7,WGS,RANDOM PCR,GENOMIC,PAIRED,0,0,ILLUMINA,Illumina NovaSeq 6000,SRP347127,PRJNA779113,,779113,SRS11115063,SAMN23012476,simple,103484,Quercus dentata,Z0914-4-1_NDSW64936,,,,,,,no,,,,,SOUTH CHINA BOTANICAL GARDEN,SRA1332594,,public,405B190269922028373A098A30033F7C,2371D403F32147B3F19EA8300309C87B
Quercus_dentata,SRR16996319,2023-12-01 00:03:03,2021-11-22 00:19:18,128482520,38544756000,128482520,300,12171,,https://sra-downloadb.be-md.ncbi.nlm.nih.gov/sos4/sra-pub-zq-1/SRR016/16996/SRR16996319/SRR16996319.lite.1,SRX13186535,L11,WGS,RANDOM PCR,GENOMIC,PAIRED,0,0,ILLUMINA,Illumina NovaSeq 6000,SRP347127,PRJNA779113,,779113,SRS11115025,SAMN23012480,simple,103484,Quercus dentata,s0911-4-1_NDSW64934,,,,,,,no,,,,,SOUTH CHINA BOTANICAL GARDEN,SRA1332594,,public,46772E0030946AE558FA3D75399487E9,56DC61B89715B6955FB6BFFC37D92300
