Sample_Name,requested_species,Run,ReleaseDate,LoadDate,spots,bases,spots_with_mates,avgLength,size_MB,AssemblyName,download_path,Experiment,LibraryName,LibraryStrategy,LibrarySelection,LibrarySource,LibraryLayout,InsertSize,InsertDev,Platform,Model,SRAStudy,BioProject,Study_Pubmed_id,ProjectID,Sample,BioSample,SampleType,TaxID,ScientificName,SampleName,g1k_pop_code,source,g1k_analysis_group,Subject_ID,Sex,Disease,Tumor,Affection_Status,Analyte_Type,Histological_Type,Body_Site,CenterName,Submission,dbgap_study_accession,Consent,RunHash,ReadHash,bs_biosample_uid,bs_xml_accession,bs_xml_id,bs_access,bs_publication_date,bs_submission_date,bs_last_update,bs_sample_title,bs_owner,bs_model,bs_organism,bs_tax_id,bs_attr_ArrayExpress-SPECIES,bs_attr_ENA-CHECKLIST,bs_attr_ENA-FIRST-PUBLIC,bs_attr_ENA-LAST-UPDATE,bs_attr_ENA_first_public,bs_attr_External_Id,bs_attr_INSDC_center_alias,bs_attr_INSDC_center_name,bs_attr_INSDC_first_public,bs_attr_INSDC_last_update,bs_attr_INSDC_status,bs_attr_SUBJECT_ID,bs_attr_Submitter_Id,bs_attr_age,bs_attr_biomaterial_provider,bs_attr_collection_date,bs_attr_common_name,bs_attr_cultivar,bs_attr_dev_stage,bs_attr_ecotype,bs_attr_geo_loc_name,bs_attr_geographic_location_latitude,bs_attr_geographic_location_longitude,bs_attr_geographic_location_region_and_locality,bs_attr_isolate,bs_attr_lat_lon,bs_attr_organism,bs_attr_plant_struc,bs_attr_provenance,bs_attr_provenance_ID,bs_attr_sample_name,bs_attr_scientific_name,bs_attr_tissue,bs_id_biosample,bs_id_id,bs_id_sc,bs_id_sra
Quercus_326,Quercus_robur,ERR12033538,9/9/23 5:39,9/13/23 7:57,161277430,48705783860,161277430,302,11662,,https://sra-downloadb.be-md.ncbi.nlm.nih.gov/sos4/sra-pub-zq-3/ERR012/12033/ERR12033538/ERR12033538.lite.1,ERX11417082,DN881300O:B9,WGS,RANDOM,GENOMIC,PAIRED,450,0,ILLUMINA,Illumina NovaSeq 6000,ERP137920,PRJEB53142,,1014675,ERS12117435,SAMEA14489996,simple,38942,Quercus robur,f9912698-e000-11ec-910f-fa163eac3af7,,,,,,,no,,,,,WELLCOME SANGER INSTITUTE,ERA27201120,,public,36C17F2B46B287857B0BAD2475F555BF,001DD4F6A73A5761C92A0ABFE34C61BB,40313867,SAMEA14489996,40313867,public,2024-03-08T10:17:46.520,2024-03-08T09:18:56.857,2024-03-08T10:17:46.520,dhQueRobu66,European Bioinformatics Institute,Generic,Quercus robur,38942,Broad Oak,,2023-09-08T13:57:20Z;2023-09-08,2023-09-08T13:57:20Z;2023-09-08,,,,,,,,OAK_WW1512935139,,,,,Broad Oak,,,,,,,,,,Quercus robur,,,,,Quercus robur,,SAMEA14489996,,f9912698-e000-11ec-910f-fa163eac3af7,ERS12117435
Quercus_327,Quercus_robur,ERR12033540,9/9/23 5:39,9/13/23 10:02,171786263,51879451426,171786263,302,12430,,https://sra-downloadb.be-md.ncbi.nlm.nih.gov/sos4/sra-pub-zq-3/ERR012/12033/ERR12033540/ERR12033540.lite.1,ERX11417084,DN881300O:D9,WGS,RANDOM,GENOMIC,PAIRED,450,0,ILLUMINA,Illumina NovaSeq 6000,ERP137920,PRJEB53142,,1014675,ERS12117448,SAMEA14490009,simple,38942,Quercus robur,f9b03286-e000-11ec-910f-fa163eac3af7,,,,,,,no,,,,,WELLCOME SANGER INSTITUTE,ERA27201120,,public,9598C7525845BCD569367FC5E6E8B29C,E0FA3EF78591E90E93F7B692F237B606,40322614,SAMEA14490009,40322614,public,2024-03-08T12:19:11.363,2024-03-08T11:17:48.847,2024-03-08T12:19:11.363,dhQueRobu79,European Bioinformatics Institute,Generic,Quercus robur,38942,Broad Oak,,2023-09-08T13:57:20Z;2023-09-08,2023-09-08T13:57:20Z;2023-09-08,,,,,,,,OAK_WW1512935152,,,,,Broad Oak,,,,,,,,,,Quercus robur,,,,,Quercus robur,,SAMEA14490009,,f9b03286-e000-11ec-910f-fa163eac3af7,ERS12117448
Quercus_328,Quercus_robur,ERR12033541,9/9/23 5:39,9/13/23 9:53,134333476,40568709752,134333476,302,9721,,https://sra-downloadb.be-md.ncbi.nlm.nih.gov/sos4/sra-pub-zq-3/ERR012/12033/ERR12033541/ERR12033541.lite.1,ERX11417085,DN881300O:E9,WGS,RANDOM,GENOMIC,PAIRED,450,0,ILLUMINA,Illumina NovaSeq 6000,ERP137920,PRJEB53142,,1014675,ERS12117452,SAMEA14490013,simple,38942,Quercus robur,f9b7caf0-e000-11ec-910f-fa163eac3af7,,,,,,,no,,,,,WELLCOME SANGER INSTITUTE,ERA27201120,,public,614DC2CFCD0B6E82B9F53B860957C754,D6F9E32D7527682F41F6134460947BB5,40320721,SAMEA14490013,40320721,public,2024-03-09T12:08:02.500,2024-03-08T11:16:46.150,2024-03-09T12:08:02.500,dhQueRobu82,European Bioinformatics Institute,Generic,Quercus robur,38942,Broad Oak,,2023-09-08T13:57:21Z;2023-09-08,2023-09-08T13:57:21Z;2023-09-08,,,,,,,,OAK_WW1512935155,,,,,Broad Oak,,,,,,,,,,Quercus robur,,,,,Quercus robur,,SAMEA14490013,,f9b7caf0-e000-11ec-910f-fa163eac3af7,ERS12117452
Quercus_329,Quercus_robur,ERR12033542,9/9/23 5:39,9/13/23 9:53,123027593,37154333086,123027593,302,8947,,https://sra-downloadb.be-md.ncbi.nlm.nih.gov/sos4/sra-pub-zq-3/ERR012/12033/ERR12033542/ERR12033542.lite.1,ERX11417086,DN881300O:F9,WGS,RANDOM,GENOMIC,PAIRED,450,0,ILLUMINA,Illumina NovaSeq 6000,ERP137920,PRJEB53142,,1014675,ERS12117455,SAMEA14490016,simple,38942,Quercus robur,f9c131a8-e000-11ec-910f-fa163eac3af7,,,,,,,no,,,,,WELLCOME SANGER INSTITUTE,ERA27201120,,public,B92942C0AE95C409C0B84ED078DD5666,425089F6C8C33BDB03618A7A9AA49B1F,40319609,SAMEA14490016,40319609,public,2024-03-08T11:15:53.567,2024-03-08T10:21:23.080,2024-03-08T11:15:53.567,dhQueRobu86,European Bioinformatics Institute,Generic,Quercus robur,38942,Broad Oak,,2023-09-08T13:57:21Z;2023-09-08,2023-09-08T13:57:21Z;2023-09-08,,,,,,,,OAK_WW1512935159,,,,,Broad Oak,,,,,,,,,,Quercus robur,,,,,Quercus robur,,SAMEA14490016,,f9c131a8-e000-11ec-910f-fa163eac3af7,ERS12117455
Quercus_330,Quercus_robur,ERR12033543,9/9/23 5:39,9/13/23 9:55,135982895,41066834290,135982895,302,9837,,https://sra-downloadb.be-md.ncbi.nlm.nih.gov/sos4/sra-pub-zq-3/ERR012/12033/ERR12033543/ERR12033543.lite.1,ERX11417087,DN881300O:G9,WGS,RANDOM,GENOMIC,PAIRED,450,0,ILLUMINA,Illumina NovaSeq 6000,ERP137920,PRJEB53142,,1014675,ERS12117456,SAMEA14490017,simple,38942,Quercus robur,f9c5aa3a-e000-11ec-910f-fa163eac3af7,,,,,,,no,,,,,WELLCOME SANGER INSTITUTE,ERA27201120,,public,01FD7975413B4182C67AC7D0840012E1,11C8305CDB46FE7E8CB4BD647F32ED18,40341994,SAMEA14490017,40341994,public,2024-03-09T18:06:34.423,2024-03-08T17:14:08.397,2024-03-09T18:06:34.423,dhQueRobu88,European Bioinformatics Institute,Generic,Quercus robur,38942,Broad Oak,,2023-09-08T13:57:21Z;2023-09-08,2023-09-08T13:57:21Z;2023-09-08,,,,,,,,OAK_WW1512935161,,,,,Broad Oak,,,,,,,,,,Quercus robur,,,,,Quercus robur,,SAMEA14490017,,f9c5aa3a-e000-11ec-910f-fa163eac3af7,ERS12117456
Quercus_331,Quercus_petraea,ERR12400189,7/23/24 2:25,8/20/24 9:10,50597618,15179285400,50597618,300,4729,,https://sra-downloadb.be-md.ncbi.nlm.nih.gov/sos6/sra-pub-zq-40/ERR012/12400/ERR12400189/ERR12400189.lite.1,ERX11776252,,WGS,unspecified,GENOMIC,PAIRED,0,0,ILLUMINA,Illumina NovaSeq 6000,ERP145809,PRJEB60751,,1094774,ERS14795594,SAMEA112794809,simple,38865,Quercus petraea,SAMEA112794809,,,,,,,no,,,,,INRAE,ERA27756633,,public,1EE6ED89AB41CC5FA611B2DA0C89A4FE,B3FC4FBC42ADD814C5B291798AE62919,40718716,SAMEA112794809,40718716,public,2024-03-31T00:00:00.000,2024-04-02T10:00:28.277,2024-03-30T22:59:44.000,Quercus petraea-GWAS,EBI,Generic,Quercus petraea,38865,,ERC000011,,,3/31/24,SAMEA112794809,,INRAE,,2023-03-17T15:29:33Z,public,,GwOak-T99,,,2016,sessile oak,,,,France,,,Sillegny,,,,,Vachères,233,GwOak-T99,Quercus petraea,leaf,SAMEA112794809,,,ERS14795594
Quercus_332,Quercus_petraea,ERR12400284,7/22/24 19:13,8/2/24 17:47,67382816,20214844800,67382816,300,6333,,https://sra-downloadb.be-md.ncbi.nlm.nih.gov/sos6/sra-pub-zq-40/ERR012/12400/ERR12400284/ERR12400284.lite.1,ERX11776347,,WGS,unspecified,GENOMIC,PAIRED,0,0,ILLUMINA,Illumina NovaSeq 6000,ERP145809,PRJEB60751,,1094774,ERS14795623,SAMEA112794838,simple,38865,Quercus petraea,SAMEA112794838,,,,,,,no,,,,,INRAE,ERA27756814,,public,0BA3E343A6ACACF8A33B680D23800B5C,AD04ED1413AE4FE5B96612162BE76104,40718745,SAMEA112794838,40718745,public,2024-03-31T00:00:00.000,2024-04-02T10:00:29.399,2024-03-30T23:00:41.000,Quercus petraea-GWAS,EBI,Generic,Quercus petraea,38865,,ERC000011,,,3/31/24,SAMEA112794838,,INRAE,,2023-03-17T15:29:34Z,public,,GwOak-T186-AHT5J5DSX2,,,2016,sessile oak,,,,France,,,Sillegny,,,,,Vachères,233,GwOak-T186-AHT5J5DSX2,Quercus petraea,leaf,SAMEA112794838,,,ERS14795623
Quercus_333,Quercus_petraea,ERR12405606,7/22/24 18:46,8/2/24 12:53,50946048,15283814400,50946048,300,4789,,https://sra-downloadb.be-md.ncbi.nlm.nih.gov/sos6/sra-pub-zq-40/ERR012/12405/ERR12405606/ERR12405606.lite.1,ERX11781657,,WGS,unspecified,GENOMIC,PAIRED,0,0,ILLUMINA,Illumina NovaSeq 6000,ERP145809,PRJEB60751,,1094774,ERS14795634,SAMEA112794849,simple,38865,Quercus petraea,SAMEA112794849,,,,,,,no,,,,,INRAE,ERA27759883,,public,14AC8F251EBC25540BEF31CE10D4D755,C5764AEB46208BFC9AEE5F4AC381A5B1,40718756,SAMEA112794849,40718756,public,2024-03-31T00:00:00.000,2024-04-02T10:00:32.228,2024-03-30T23:12:27.000,Quercus petraea-GWAS,EBI,Generic,Quercus petraea,38865,,ERC000011,,,3/31/24,SAMEA112794849,,INRAE,,2023-03-17T15:29:34Z,public,,GwOak-T62,,,2016,sessile oak,,,,France,,,Sillegny,,,,,Grésigne,97,GwOak-T62,Quercus petraea,leaf,SAMEA112794849,,,ERS14795634
Quercus_334,Quercus_petraea,ERR12400188,7/23/24 1:04,8/3/24 17:14,43991281,13197384300,43991281,300,4098,,https://sra-downloadb.be-md.ncbi.nlm.nih.gov/sos6/sra-pub-zq-40/ERR012/12400/ERR12400188/ERR12400188.lite.1,ERX11776251,,WGS,unspecified,GENOMIC,PAIRED,0,0,ILLUMINA,Illumina NovaSeq 6000,ERP145809,PRJEB60751,,1094774,ERS14795657,SAMEA112794872,simple,38865,Quercus petraea,SAMEA112794872,,,,,,,no,,,,,INRAE,ERA27756625,,public,C82D5808F5127920CB0D5DFECB2B03EE,ECFE57ADD16340CE8319EABEFD7E0181,40718779,SAMEA112794872,40718779,public,2024-03-31T00:00:00.000,2024-04-02T10:00:32.533,2024-03-30T23:13:11.000,Quercus petraea-GWAS,EBI,Generic,Quercus petraea,38865,,ERC000011,,,3/31/24,SAMEA112794872,,INRAE,,2023-03-17T15:29:34Z,public,,GwOak-T9,,,2016,sessile oak,,,,France,,,Sillegny,,,,,Saint_Sauvant,9,GwOak-T9,Quercus petraea,leaf,SAMEA112794872,,,ERS14795657
Quercus_335,Quercus_petraea,ERR12400190,7/23/24 1:04,8/18/24 13:49,39035005,11710501500,39035005,300,3731,,https://sra-downloadb.be-md.ncbi.nlm.nih.gov/sos6/sra-pub-zq-40/ERR012/12400/ERR12400190/ERR12400190.lite.1,ERX11776253,,WGS,unspecified,GENOMIC,PAIRED,0,0,ILLUMINA,Illumina NovaSeq 6000,ERP145809,PRJEB60751,,1094774,ERS14795700,SAMEA112794915,simple,38865,Quercus petraea,SAMEA112794915,,,,,,,no,,,,,INRAE,ERA27756634,,public,C1EBF9EE31BBDE31B0E26ED9CB91A427,A91F80776B067145B9BC01D2D1918E7B,40718822,SAMEA112794915,40718822,public,2024-03-31T00:00:00.000,2024-04-02T10:00:33.374,2024-03-30T23:14:33.000,Quercus petraea-GWAS,EBI,Generic,Quercus petraea,38865,,ERC000011,,,3/31/24,SAMEA112794915,,INRAE,,2023-03-17T15:29:35Z,public,,GwOak-T163,,,2016,sessile oak,,,,France,,,Sillegny,,,,,Tronçais,219,GwOak-T163,Quercus petraea,leaf,SAMEA112794915,,,ERS14795700
Quercus_336,Quercus_acutissima,SRR16248130,10/8/21 9:54,10/8/21 7:19,85268363,25580508900,85268363,300,10751,,https://sra-downloadb.be-md.ncbi.nlm.nih.gov/sos8/sra-pub-zq-820/SRR016/16248/SRR16248130/SRR16248130.lite.1,SRX12527959,Z0916-1-5_NDSW54452,WGS,RANDOM,GENOMIC,PAIRED,0,0,ILLUMINA,Illumina NovaSeq 6000,SRP340491,PRJNA769460,,769460,SRS10488222,SAMN22137883,simple,58330,Quercus acutissima,Z0916-1-5_NDSW54452,,,,,,,no,,,,,CHINESE ACADEMY OF SCIENCES,SRA1307771,,public,7B3598156A4AA1037AEE29378706B6E0,B16D463A02444F5B96457116310A99EC,22137883,SAMN22137883,22137883,public,2021-10-07T00:00:00.000,2021-10-07T20:57:03.903,2021-10-08T05:07:26.830,Plant sample from Quercus acutissima,Chinese Academy of Sciences,Plant,Quercus acutissima,58330,,,,,,,,,,,,,,not collected,,,,,not collected,not collected,China: Dalian,,,,Z0916-1-5_NDSW54452,,,,,,,,leaf,SAMN22137883,Z0916-1-5_NDSW54452,,SRS10488222
Quercus_337,Quercus_acutissima,SRR16248111,10/8/21 6:55,10/8/21 5:57,81975552,24592665600,81975552,300,9990,,https://sra-downloadb.be-md.ncbi.nlm.nih.gov/sos9/sra-pub-zq-922/SRR016/16248/SRR16248111/SRR16248111.lite.1,SRX12527978,s0809-2-2_NDSW49956,WGS,RANDOM,GENOMIC,PAIRED,0,0,ILLUMINA,Illumina NovaSeq 6000,SRP340491,PRJNA769460,,769460,SRS10488241,SAMN22137856,simple,58330,Quercus acutissima,s0809-2-2_NDSW49956,,,,,,,no,,,,,CHINESE ACADEMY OF SCIENCES,SRA1307771,,public,A383A9E58D639BD642A4D8CD05FE1C19,F5E4588324AC619EC50EE919F20C19A6,22137856,SAMN22137856,22137856,public,2021-10-07T00:00:00.000,2021-10-07T20:57:03.390,2021-10-08T05:07:30.130,Plant sample from Quercus acutissima,Chinese Academy of Sciences,Plant,Quercus acutissima,58330,,,,,,,,,,,,,,not collected,,,,,not collected,not collected,China: Xingren,,,,s0809-2-2_NDSW49956,,,,,,,,leaf,SAMN22137856,s0809-2-2_NDSW49956,,SRS10488241
Quercus_338,Quercus_acutissima,SRR16248136,10/8/21 8:56,10/8/21 6:43,87303054,26190916200,87303054,300,10137,,https://sra-downloadb.be-md.ncbi.nlm.nih.gov/sos9/sra-pub-zq-922/SRR016/16248/SRR16248136/SRR16248136.lite.1,SRX12527953,s0915-2-8_NDSW54441,WGS,RANDOM,GENOMIC,PAIRED,0,0,ILLUMINA,Illumina NovaSeq 6000,SRP340491,PRJNA769460,,769460,SRS10488216,SAMN22137880,simple,58330,Quercus acutissima,s0915-2-8_NDSW54441,,,,,,,no,,,,,CHINESE ACADEMY OF SCIENCES,SRA1307771,,public,DAEBF3A5AB0CF1DF97986DF8D7903E41,9F18A17899B31E2C8DB217F2B75E747A,22137880,SAMN22137880,22137880,public,2021-10-07T00:00:00.000,2021-10-07T20:57:03.847,2021-10-08T05:07:25.783,Plant sample from Quercus acutissima,Chinese Academy of Sciences,Plant,Quercus acutissima,58330,,,,,,,,,,,,,,not collected,,,,,not collected,not collected,China: Taian,,,,s0915-2-8_NDSW54441,,,,,,,,leaf,SAMN22137880,s0915-2-8_NDSW54441,,SRS10488216
Quercus_339,Quercus_acutissima,SRR16248089,10/8/21 8:56,10/8/21 6:44,115332836,34599850800,115332836,300,11097,,https://sra-downloadb.be-md.ncbi.nlm.nih.gov/sos9/sra-pub-zq-922/SRR016/16248/SRR16248089/SRR16248089.lite.1,SRX12528000,GJDNA122_BDSW190003088-1a,WGS,RANDOM,GENOMIC,PAIRED,0,0,ILLUMINA,Illumina NovaSeq 6000,SRP340491,PRJNA769460,,769460,SRS10488263,SAMN22137858,simple,58330,Quercus acutissima,GJDNA122_BDSW190003088-1a,,,,,,,no,,,,,CHINESE ACADEMY OF SCIENCES,SRA1307771,,public,37B67108017EA3543060AAD6D1092294,9EA195F083D96B6EC62882B550B873E7,22137858,SAMN22137858,22137858,public,2021-10-07T00:00:00.000,2021-10-07T20:57:03.443,2021-10-08T05:07:34.160,Plant sample from Quercus acutissima,Chinese Academy of Sciences,Plant,Quercus acutissima,58330,,,,,,,,,,,,,,not collected,,,,,not collected,not collected,China: Rongjiang,,,,GJDNA122_BDSW190003088-1a,,,,,,,,leaf,SAMN22137858,GJDNA122_BDSW190003088-1a,,SRS10488263
Quercus_340,Quercus_acutissima,SRR16661031,2/3/22 8:01,11/6/21 0:02,94343509,28303052700,94343509,300,11025,,https://sra-downloadb.be-md.ncbi.nlm.nih.gov/sos1/sra-pub-zq-38/SRR016/16661/SRR16661031/SRR16661031.lite.1,SRX12861773,L74,WGS,RANDOM PCR,GENOMIC,PAIRED,0,0,ILLUMINA,Illumina NovaSeq 6000,SRP343961,PRJNA773751,,773751,SRS10805018,SAMN22511291,simple,58330,Quercus acutissima,s0916-2-12_NDSW54443,,,,,,,no,,,,,SOUTH CHINA BOTANICAL GARDEN,SRA1320079,,public,AAEA92705E27376046AF3DABE3626248,8C30410830D7F87D340C4CE965D4F9BC,22511291,SAMN22511291,22511291,public,2022-02-03T00:00:00.000,2021-10-22T14:10:05.130,2022-02-03T08:02:03.220,Plant sample from Quercus acutissima,South China Botanical Garden,Plant,Quercus acutissima,58330,,,,,,,,,,,,,,,,,,s0916-2-12_NDSW54443,s0916-2-12_NDSW54443,,China:Shandong,,,,,,,,,,,,Leaves,SAMN22511291,s0916-2-12_NDSW54443,,SRS10805018
Quercus_341,Quercus_variabilis,SRR26589720,4/7/25 5:08,10/30/23 23:28,115981668,34794500400,115981668,300,11402,,https://sra-downloadb.be-md.ncbi.nlm.nih.gov/sos7/sra-pub-zq-41/SRR026/26589/SRR26589720/SRR26589720.lite.1,SRX22290872,s0901-1-11_NDSW57002,WGS,RANDOM,GENOMIC,PAIRED,0,0,ILLUMINA,Illumina NovaSeq 6000,SRP469242,PRJNA1033777,,1033777,SRS19341831,SAMN38043997,simple,103481,Quercus variabilis,s0901-1-11_NDSW57002,,,,,,,no,,,,,CHINESE ACADEMY OF SCIENCES,SRA1742005,,public,E8D798FF69389D9FFDB4DC9E89FFDE44,AA0993D4F21B8842FD9779741E6C31D2,38043997,SAMN38043997,38043997,public,2025-04-07T00:00:00.000,2023-10-30T22:40:07.226,2025-04-07T05:09:03.885,Plant sample from Quercus variabilis,Chinese Academy of Sciences,Plant,Quercus variabilis,103481,,,,,,,,,,,,,,not collected,,not collected,,not collected,not collected,not collected,China: Tianshui,,,,66,,,,,,,,leaf,SAMN38043997,s0901-1-11_NDSW57002,,SRS19341831
Quercus_342,Quercus_variabilis,SRR26589721,4/7/25 5:08,10/30/23 23:39,100431234,30129370200,100431234,300,12565,,https://sra-downloadb.be-md.ncbi.nlm.nih.gov/sos7/sra-pub-zq-41/SRR026/26589/SRR26589721/SRR26589721.lite.1,SRX22290871,s0901-1-15_NDSW54435,WGS,RANDOM,GENOMIC,PAIRED,0,0,ILLUMINA,Illumina NovaSeq 6000,SRP469242,PRJNA1033777,,1033777,SRS19341833,SAMN38043996,simple,103481,Quercus variabilis,s0901-1-15_NDSW54435,,,,,,,no,,,,,CHINESE ACADEMY OF SCIENCES,SRA1742005,,public,59C1E46F247A7E0C5317D414A430D1CB,35822389FD2A25128CB760CA9309AF3C,38043996,SAMN38043996,38043996,public,2025-04-07T00:00:00.000,2023-10-30T22:40:07.216,2025-04-07T05:09:03.868,Plant sample from Quercus variabilis,Chinese Academy of Sciences,Plant,Quercus variabilis,103481,,,,,,,,,,,,,,not collected,,not collected,,not collected,not collected,not collected,China: Tianshui,,,,65,,,,,,,,leaf,SAMN38043996,s0901-1-15_NDSW54435,,SRS19341833
Quercus_343,Quercus_variabilis,SRR26589718,4/7/25 5:08,10/30/23 23:28,117172318,35151695400,117172318,300,11282,,https://sra-downloadb.be-md.ncbi.nlm.nih.gov/sos7/sra-pub-zq-41/SRR026/26589/SRR26589718/SRR26589718.lite.1,SRX22290874,s0901-1-17_NDSW57003,WGS,RANDOM,GENOMIC,PAIRED,0,0,ILLUMINA,Illumina NovaSeq 6000,SRP469242,PRJNA1033777,,1033777,SRS19341834,SAMN38043999,simple,103481,Quercus variabilis,s0901-1-17_NDSW57003,,,,,,,no,,,,,CHINESE ACADEMY OF SCIENCES,SRA1742005,,public,1943B2CBA3E7D99C4C71875CD3FDCB49,72056619BF8974721B96C02E69240952,38043999,SAMN38043999,38043999,public,2025-04-07T00:00:00.000,2023-10-30T22:40:07.250,2025-04-07T05:09:03.903,Plant sample from Quercus variabilis,Chinese Academy of Sciences,Plant,Quercus variabilis,103481,,,,,,,,,,,,,,not collected,,not collected,,not collected,not collected,not collected,China: Tianshui,,,,68,,,,,,,,leaf,SAMN38043999,s0901-1-17_NDSW57003,,SRS19341834
Quercus_344,Quercus_variabilis,SRR26589716,4/7/25 5:08,10/30/23 23:28,111030742,33309222600,111030742,300,10574,,https://sra-downloadb.be-md.ncbi.nlm.nih.gov/sos7/sra-pub-zq-41/SRR026/26589/SRR26589716/SRR26589716.lite.1,SRX22290876,s0904-1-15_NDSW57004,WGS,RANDOM,GENOMIC,PAIRED,0,0,ILLUMINA,Illumina NovaSeq 6000,SRP469242,PRJNA1033777,,1033777,SRS19341836,SAMN38044001,simple,103481,Quercus variabilis,s0904-1-15_NDSW57004,,,,,,,no,,,,,CHINESE ACADEMY OF SCIENCES,SRA1742005,,public,B9DDF84D29269049A64CC83B2C8BD52B,AF86CD4B250F9C0D389DD4E5682E50CE,38044001,SAMN38044001,38044001,public,2025-04-07T00:00:00.000,2023-10-30T22:40:07.270,2025-04-07T05:09:02.560,Plant sample from Quercus variabilis,Chinese Academy of Sciences,Plant,Quercus variabilis,103481,,,,,,,,,,,,,,not collected,,not collected,,not collected,not collected,not collected,China: Xian,,,,70,,,,,,,,leaf,SAMN38044001,s0904-1-15_NDSW57004,,SRS19341836
Quercus_345,Quercus_variabilis,SRR26589715,4/7/25 5:08,10/30/23 23:33,84257465,25277239500,84257465,300,9789,,https://sra-downloadb.be-md.ncbi.nlm.nih.gov/sos7/sra-pub-zq-41/SRR026/26589/SRR26589715/SRR26589715.lite.1,SRX22290877,s0712-4-1_NDSW49925,WGS,RANDOM,GENOMIC,PAIRED,0,0,ILLUMINA,Illumina NovaSeq 6000,SRP469242,PRJNA1033777,,1033777,SRS19341837,SAMN38043939,simple,103481,Quercus variabilis,s0712-4-1_NDSW49925,,,,,,,no,,,,,CHINESE ACADEMY OF SCIENCES,SRA1742005,,public,F0F374903D2169EB3312F8A5654C3094,AB0200874E29DD1CCB6FA264D606E546,38043939,SAMN38043939,38043939,public,2025-04-07T00:00:00.000,2023-10-30T22:40:06.556,2025-04-07T05:09:04.032,Plant sample from Quercus variabilis,Chinese Academy of Sciences,Plant,Quercus variabilis,103481,,,,,,,,,,,,,,not collected,,not collected,,not collected,not collected,not collected,China: Changsha,,,,8,,,,,,,,leaf,SAMN38043939,s0712-4-1_NDSW49925,,SRS19341837
Quercus_346,Quercus_rubra,ERR10015092,11/30/22 23:34,12/16/22 3:42,96976954,29065719969,96976954,299,7128,,https://sra-downloadb.be-md.ncbi.nlm.nih.gov/sos8/sra-pub-zq-820/ERR010/10015/ERR10015092/ERR10015092.lite.1,ERX9556033,CRN_ADOSDC_6_1_HGCTHBBXY.12BA140,WGS,RANDOM,GENOMIC,PAIRED,0,0,ILLUMINA,Illumina HiSeq 4000,ERP139684,PRJEB54826,,906849,ERS12479988,SAMEA110381793,simple,3512,Quercus rubra,SAMEA110381793,,,,,,,no,,,,,INRA BORDEAUX,ERA16657921,,public,2E49264A28F6E20D747A2BBA28A0F9EA,F1C5C99ACB68611466C9F6411CA3DE66,31958336,SAMEA110381793,31958336,public,2022-11-30T00:00:00.000,2022-12-01T08:21:22.456,2022-11-30T20:24:38.000,Q.rubra,EBI,Generic,Quercus rubra,3512,,ERC000037,11/30/22,11/30/22,,SAMEA110381793,INRA Bordeaux,INRA Bordeaux,2022-11-30T00:18:40Z,2022-11-30T00:18:40Z,public,,Q.rubra,,,2019,northern red oak,,,,France,44.74,-0.78,,,,,leaf,,,Q.rubra,,,SAMEA110381793,,,ERS12479988
Quercus_347,Quercus_guyavifolia,SRR11398771,4/1/21 0:07,3/24/20 5:53,51844416,15553324800,51844416,300,5623,,https://sra-downloadb.be-md.ncbi.nlm.nih.gov/sos8/sra-pub-zq-820/SRR011/11398/SRR11398771/SRR11398771.lite.1,SRX7977507,NDSW66327,WGS,RANDOM,GENOMIC,PAIRED,0,0,ILLUMINA,HiSeq X Ten,SRP253817,PRJNA614601,,614601,SRS6362203,SAMN14433646,simple,2294079,Quercus guyavifolia,GMXG2,,,,,,,no,,,,,"KUNMING INSTITUTE OF BOTANY, CHINESE ACADEMY OF SCIENCES",SRA1058648,,public,094B72C295D1499D762CBDC0E1C88C01,8DF01C1875DAE608DE8000D743831367,14433646,SAMN14433646,14433646,public,2021-04-01T00:00:00.000,2020-03-24T02:23:15.510,2021-04-07T21:04:09.983,Plant sample from Quercus guyavifolia,"Kunming Institute of Botany, Chinese Academy of Sciences",Plant,Quercus guyavifolia,2294079,,,,,,,,,,,,,,not collected,,,,,fruiting,,"China:Sichuan,Xiangcheng,Maxionggou",,,,individual 2,,,,,,,,Leaves,SAMN14433646,GMXG2,,SRS6362203
Quercus_348,Quercus_guyavifolia,SRR11398778,4/1/21 0:07,3/24/20 5:24,48876233,14662869900,48876233,300,5337,,https://sra-downloadb.be-md.ncbi.nlm.nih.gov/sos8/sra-pub-zq-820/SRR011/11398/SRR11398778/SRR11398778.lite.1,SRX7977500,NDSW66320,WGS,RANDOM,GENOMIC,PAIRED,0,0,ILLUMINA,HiSeq X Ten,SRP253817,PRJNA614601,,614601,SRS6362196,SAMN14433640,simple,2294079,Quercus guyavifolia,GZD4,,,,,,,no,,,,,"KUNMING INSTITUTE OF BOTANY, CHINESE ACADEMY OF SCIENCES",SRA1058648,,public,6907CB7DB8693F06C62F7AE9F50317F3,6B168D7B8F5816F4F7C9D00F29A97371,14433640,SAMN14433640,14433640,public,2021-04-01T00:00:00.000,2020-03-24T02:23:15.413,2021-04-07T21:04:09.868,Plant sample from Quercus guyavifolia,"Kunming Institute of Botany, Chinese Academy of Sciences",Plant,Quercus guyavifolia,2294079,,,,,,,,,,,,,,not collected,,,,,fruiting,,"China:Yunnan,Shangri-la,Pudacuo-Sanba",,,,individual 4,,,,,,,,Leaves,SAMN14433640,GZD4,,SRS6362196
Quercus_349,Quercus_lobata,SRR14632927,5/24/21 16:15,5/24/21 15:26,119506627,24140338654,119506627,202,10495,,https://sra-downloadb.be-md.ncbi.nlm.nih.gov/sos4/sra-pub-zq-1/SRR014/14632/SRR14632927/SRR14632927.lite.1,SRX10972847,Qlob.CRE.5.00F.b,WGS,RANDOM,GENOMIC,PAIRED,0,0,ILLUMINA,Illumina HiSeq 4000,SRP319863,PRJNA729978,,729978,SRS9050286,SAMN19163032,simple,97700,Quercus lobata,Qlob.CRE.5.00F.b,,,,,,,no,,,,,"UNIVERSITY OF CALIFORNIA, LOS ANGELES",SRA1234471,,public,34FD8EB826A2EE51BA1D04E1763F5017,C5A635E2C6B04139138DF0670833A759,19163032,SAMN19163032,19163032,public,2021-05-13T00:00:00.000,2021-05-13T16:29:06.793,2021-05-24T13:54:07.247,Plant sample from Quercus lobata,"University of California, Los Angeles",Plant,Quercus lobata,97700,,,,,,,,,,,,,,,"Victoria Sork, UCLA",,,,mature,,"USA: Creston, CA",,,,Qlob.CRE.5.00F,35.53494 N 120.52401 W,,,,,,,leaf,SAMN19163032,Qlob.CRE.5.00F.b,,SRS9050286
Quercus_350,Quercus_lobata,SRR14632920,5/24/21 16:59,5/24/21 16:00,130507268,26362468136,130507268,202,10632,,https://sra-downloadb.be-md.ncbi.nlm.nih.gov/sos4/sra-pub-zq-1/SRR014/14632/SRR14632920/SRR14632920.lite.1,SRX10972854,Qlob.CTW.6.00F.b,WGS,RANDOM,GENOMIC,PAIRED,0,0,ILLUMINA,Illumina HiSeq 4000,SRP319863,PRJNA729978,,729978,SRS9050293,SAMN19163033,simple,97700,Quercus lobata,Qlob.CTW.6.00F.b,,,,,,,no,,,,,"UNIVERSITY OF CALIFORNIA, LOS ANGELES",SRA1234471,,public,4C6C1489AB0587E06188B3C7AF13B213,C734B06835609E25388322B9B48E561D,19163033,SAMN19163033,19163033,public,2021-05-13T00:00:00.000,2021-05-13T16:29:06.807,2021-05-24T13:54:08.887,Plant sample from Quercus lobata,"University of California, Los Angeles",Plant,Quercus lobata,97700,,,,,,,,,,,,,,,"Victoria Sork, UCLA",,,,mature,,"USA: Cottonwood, CA",,,,Qlob.CTW.6.00F,40.3602 N 122.30672 W,,,,,,,leaf,SAMN19163033,Qlob.CTW.6.00F.b,,SRS9050293
Quercus_351,Quercus_lobata,SRR14632929,5/24/21 15:29,5/24/21 15:11,113499351,22926868902,113499351,202,10343,,https://sra-downloadb.be-md.ncbi.nlm.nih.gov/sos4/sra-pub-zq-1/SRR014/14632/SRR14632929/SRR14632929.lite.1,SRX10972845,Qlob.PSK.4.00F.w6,WGS,RANDOM,GENOMIC,PAIRED,0,0,ILLUMINA,Illumina HiSeq 4000,SRP319863,PRJNA729978,,729978,SRS9050285,SAMN19163125,simple,97700,Quercus lobata,Qlob.PSK.4.00F.w6,,,,,,,no,,,,,"UNIVERSITY OF CALIFORNIA, LOS ANGELES",SRA1234471,,public,F613FC9DB754E33517878AFAD3655C53,77E07D99FCE8D8B2026A1846613943DF,19163125,SAMN19163125,19163125,public,2021-05-13T00:00:00.000,2021-05-13T16:32:09.587,2021-05-24T13:54:07.060,Plant sample from Quercus lobata,"University of California, Los Angeles",Plant,Quercus lobata,97700,,,,,,,,,,,,,,,"Victoria Sork, UCLA",,,,mature,,"USA: Paskenta, CA",,,,Qlob.PSK.4.00F,39.8862 N 122.53217 W,,,,,,,leaf,SAMN19163125,Qlob.PSK.4.00F.w6,,SRS9050285
Quercus_352,Quercus_lobata,SRR14632924,5/24/21 16:15,5/24/21 15:20,162896895,32905172790,162896895,202,14508,,https://sra-downloadb.be-md.ncbi.nlm.nih.gov/sos4/sra-pub-zq-1/SRR014/14632/SRR14632924/SRR14632924.lite.1,SRX10972850,Qlob.TAC.3.00F.w6,WGS,RANDOM,GENOMIC,PAIRED,0,0,ILLUMINA,Illumina HiSeq 4000,SRP319863,PRJNA729978,,729978,SRS9050289,SAMN19163129,simple,97700,Quercus lobata,Qlob.TAC.3.00F.w6,,,,,,,no,,,,,"UNIVERSITY OF CALIFORNIA, LOS ANGELES",SRA1234471,,public,D4B254BF4C1C0069EC74CB3079640B3A,5C0AF1FC0CE41EE257B637DE18E1313E,19163129,SAMN19163129,19163129,public,2021-05-13T00:00:00.000,2021-05-13T16:32:09.680,2021-05-24T13:54:07.997,Plant sample from Quercus lobata,"University of California, Los Angeles",Plant,Quercus lobata,97700,,,,,,,,,,,,,,,"Victoria Sork, UCLA",,,,mature,,"USA: Tehachapi, CA",,,,Qlob.TAC.3.00F,35.11596 N 118.48901 W,,,,,,,leaf,SAMN19163129,Qlob.TAC.3.00F.w6,,SRS9050289
Quercus_353,Quercus_lobata,SRR14632922,5/24/21 15:29,5/24/21 15:01,74992505,15148486010,74992505,202,6679,,https://sra-downloadb.be-md.ncbi.nlm.nih.gov/sos4/sra-pub-zq-1/SRR014/14632/SRR14632922/SRR14632922.lite.1,SRX10972852,Qlob.WIL.3.00F.w6,WGS,RANDOM,GENOMIC,PAIRED,0,0,ILLUMINA,Illumina HiSeq 4000,SRP319863,PRJNA729978,,729978,SRS9050291,SAMN19163131,simple,97700,Quercus lobata,Qlob.WIL.3.00F.w6,,,,,,,no,,,,,"UNIVERSITY OF CALIFORNIA, LOS ANGELES",SRA1234471,,public,8DA2D1173A0381EDF7F3A910AF85B6AD,C89875B435665D1D849C2853EB8951F4,19163131,SAMN19163131,19163131,public,2021-05-13T00:00:00.000,2021-05-13T16:32:09.727,2021-05-24T13:54:08.403,Plant sample from Quercus lobata,"University of California, Los Angeles",Plant,Quercus lobata,97700,,,,,,,,,,,,,,,"Victoria Sork, UCLA",,,,mature,,"USA: Williams, CA",,,,Qlob.WIL.3.00F,39.08475 N 122.34658 W,,,,,,,leaf,SAMN19163131,Qlob.WIL.3.00F.w6,,SRS9050291
Quercus_354,Quercus_fabri,SRR16661048,2/3/22 8:01,11/1/21 12:06,90361924,27108577200,90361924,300,10528,,https://sra-downloadb.be-md.ncbi.nlm.nih.gov/sos9/sra-pub-zq-922/SRR016/16661/SRR16661048/SRR16661048.lite.1,SRX12861756,L59,WGS,RANDOM PCR,GENOMIC,PAIRED,0,0,ILLUMINA,Illumina NovaSeq 6000,SRP343961,PRJNA773751,,773751,SRS10805001,SAMN22511276,simple,1077959,Quercus fabri,s0716-3-5_NDSW49913,,,,,,,no,,,,,SOUTH CHINA BOTANICAL GARDEN,SRA1320079,,public,F59B527D111DB9B1541678CA7BAF3806,7A7E769F22A62361536FC28AEC20B6D0,22511276,SAMN22511276,22511276,public,2022-02-03T00:00:00.000,2021-10-22T14:10:04.940,2022-02-03T08:02:02.279,Plant sample from Quercus fabri,South China Botanical Garden,Plant,Quercus fabri,1077959,,,,,,,,,,,,,,,,,,s0716-3-5_NDSW49913,s0716-3-5_NDSW49913,,China:Henan,,,,,,,,,,,,Leaves,SAMN22511276,s0716-3-5_NDSW49913,,SRS10805001
Quercus_355,Quercus_fabri,SRR16661037,2/3/22 8:01,11/1/21 11:20,69442570,20832771000,69442570,300,7065,,https://sra-downloadb.be-md.ncbi.nlm.nih.gov/sos1/sra-pub-zq-38/SRR016/16661/SRR16661037/SRR16661037.lite.1,SRX12861767,L69,WGS,RANDOM PCR,GENOMIC,PAIRED,0,0,ILLUMINA,Illumina NovaSeq 6000,SRP343961,PRJNA773751,,773751,SRS10805012,SAMN22511286,simple,1077959,Quercus fabri,s0810-2-6_BDSW190010071-1a,,,,,,,no,,,,,SOUTH CHINA BOTANICAL GARDEN,SRA1320079,,public,4A6F333036B1875167AA85FE9A770E12,D502123F773AF26F9D4B8B557E72DDE5,22511286,SAMN22511286,22511286,public,2022-02-03T00:00:00.000,2021-10-22T14:10:05.063,2022-02-03T08:02:03.179,Plant sample from Quercus fabri,South China Botanical Garden,Plant,Quercus fabri,1077959,,,,,,,,,,,,,,,,,,s0810-2-6_BDSW190010071-1a,s0810-2-6_BDSW190010071-1a,,China:Chongqing,,,,,,,,,,,,Leaves,SAMN22511286,s0810-2-6_BDSW190010071-1a,,SRS10805012
Quercus_356,Quercus_guyavifolia,SRR16661119,2/3/22 8:01,11/1/21 14:08,90135730,27040719000,90135730,300,8370,,https://sra-downloadb.be-md.ncbi.nlm.nih.gov/sos1/sra-pub-zq-38/SRR016/16661/SRR16661119/SRR16661119.lite.1,SRX12861685,L1,WGS,RANDOM PCR,GENOMIC,PAIRED,0,0,ILLUMINA,Illumina NovaSeq 6000,SRP343961,PRJNA773751,,773751,SRS10804932,SAMN22511218,simple,2294079,Quercus guyavifolia,HBL,,,,,,,no,,,,,SOUTH CHINA BOTANICAL GARDEN,SRA1320079,,public,1AF88FF58C9A0F2229067A1344FA13EE,27B975422B315C61516916179A837E97,22511218,SAMN22511218,22511218,public,2022-02-03T00:00:00.000,2021-10-22T14:10:04.240,2022-02-03T08:02:02.378,Plant sample from Quercus guyavifolia,South China Botanical Garden,Plant,Quercus guyavifolia,2294079,,,,,,,,,,,,,,,,,,HBL,HBL,,China:Bomi,,,,,,,,,,,,Leaves,SAMN22511218,HBL,,SRS10804932
Quercus_357,Quercus_rubra,SRR16661095,2/3/22 8:01,11/1/21 12:03,98660105,29598031500,98660105,300,9733,,https://sra-downloadb.be-md.ncbi.nlm.nih.gov/sos1/sra-pub-zq-38/SRR016/16661/SRR16661095/SRR16661095.lite.1,SRX12861709,L16,WGS,RANDOM PCR,GENOMIC,PAIRED,0,0,ILLUMINA,Illumina NovaSeq 6000,SRP343961,PRJNA773751,,773751,SRS10804954,SAMN22511233,simple,3512,Quercus rubra,PM-16,,,,,,,no,,,,,SOUTH CHINA BOTANICAL GARDEN,SRA1320079,,public,0FED262714CED215B4390DA90CAA0FB4,95A5E8A39A5F246B2EFE72E27597459C,22511233,SAMN22511233,22511233,public,2022-02-03T00:00:00.000,2021-10-22T14:10:04.430,2022-02-03T08:02:01.763,Plant sample from Quercus rubra,South China Botanical Garden,Plant,Quercus rubra,3512,,,,,,,,,,,,,,,,,,PM-16,PM-16,,USA:NewYork,,,,,,,,,,,,Leaves,SAMN22511233,PM-16,,SRS10804954
Quercus_358,Quercus_rubra,SRR16661060,2/3/22 8:01,11/1/21 12:00,103187250,30956175000,103187250,300,10258,,https://sra-downloadb.be-md.ncbi.nlm.nih.gov/sos1/sra-pub-zq-38/SRR016/16661/SRR16661060/SRR16661060.lite.1,SRX12861744,L48,WGS,RANDOM PCR,GENOMIC,PAIRED,0,0,ILLUMINA,Illumina NovaSeq 6000,SRP343961,PRJNA773751,,773751,SRS10804989,SAMN22511265,simple,3512,Quercus rubra,QL-10-1,,,,,,,no,,,,,SOUTH CHINA BOTANICAL GARDEN,SRA1320079,,public,DCFBB27A772553877068919891432ACC,3078D80D7C640289E8C0EFAABF553641,22511265,SAMN22511265,22511265,public,2022-02-03T00:00:00.000,2021-10-22T14:10:04.810,2022-02-03T08:02:02.221,Plant sample from Quercus rubra,South China Botanical Garden,Plant,Quercus rubra,3512,,,,,,,,,,,,,,,,,,QL-10-1,QL-10-1,,United Kingdom:London,,,,,,,,,,,,Leaves,SAMN22511265,QL-10-1,,SRS10804989
Quercus_359,Quercus_rubra,SRR16661059,2/3/22 8:01,11/1/21 12:56,119687092,35906127600,119687092,300,11747,,https://sra-downloadb.be-md.ncbi.nlm.nih.gov/sos1/sra-pub-zq-38/SRR016/16661/SRR16661059/SRR16661059.lite.1,SRX12861745,L49,WGS,RANDOM PCR,GENOMIC,PAIRED,0,0,ILLUMINA,Illumina NovaSeq 6000,SRP343961,PRJNA773751,,773751,SRS10804990,SAMN22511266,simple,3512,Quercus rubra,QL-10-2,,,,,,,no,,,,,SOUTH CHINA BOTANICAL GARDEN,SRA1320079,,public,D49ADBD585722822640782283E84E94E,75B62B7082246BDA299C6A235AFB03CB,22511266,SAMN22511266,22511266,public,2022-02-03T00:00:00.000,2021-10-22T14:10:04.820,2022-02-03T08:02:01.702,Plant sample from Quercus rubra,South China Botanical Garden,Plant,Quercus rubra,3512,,,,,,,,,,,,,,,,,,QL-10-2,QL-10-2,,United Kingdom:London,,,,,,,,,,,,Leaves,SAMN22511266,QL-10-2,,SRS10804990
Quercus_360,Quercus_rubra,SRR23696573,5/11/23 15:42,3/4/23 12:46,563052148,1.70042E+11,563052148,302,57095,,https://sra-downloadb.be-md.ncbi.nlm.nih.gov/sos4/sra-pub-zq-3/SRR023/23696/SRR23696573/SRR23696573.lite.1,SRX19558732,HiC,WGS,RANDOM,GENOMIC,PAIRED,0,0,ILLUMINA,Illumina HiSeq 2000,SRP425524,PRJNA938173,3,938173,SRS16943218,SAMN33427328,simple,3512,Quercus rubra,NRO_Reference,,,,,,,no,,,,,"UNIVERSITY OF TENNESSEE, KNOXVILLE",SRA1595081,,public,2AE393C0FBEA42F24176CD3EF826C6B9,240A7A469F63BFA5E41D652216B71D2D,33427328,SAMN33427328,33427328,public,2023-05-11T00:00:00.000,2023-02-23T20:41:03.646,2023-05-11T15:43:02.583,Plant sample from Quercus rubra,"University of Tennessee, Knoxville",Plant,Quercus rubra,3512,,,,,,,,,,,,,,,,,,,Mature tree,Indiana,USA: Indiana,,,,pseudo-F2,,,,,,,,Dormant leaf buds and twig bark tissues,SAMN33427328,NRO_Reference,,SRS16943218
Quercus_361,Quercus_rubra,SRR23696575,5/11/23 15:42,3/3/23 16:00,46134665,13359819750,42930800,289,5038,,https://sra-downloadb.be-md.ncbi.nlm.nih.gov/sos4/sra-pub-zq-3/SRR023/23696/SRR23696575/SRR23696575.lite.1,SRX19558730,Illumina,WGS,RANDOM,GENOMIC,PAIRED,0,0,ILLUMINA,NextSeq 1000,SRP425524,PRJNA938173,3,938173,SRS16943218,SAMN33427328,simple,3512,Quercus rubra,NRO_Reference,,,,,,,no,,,,,"UNIVERSITY OF TENNESSEE, KNOXVILLE",SRA1595081,,public,77FB38F6BAC8269BA186C2AB20C1085B,F3398D4271C6C3446127F643E2FB97C5,33427328,SAMN33427328,33427328,public,2023-05-11T00:00:00.000,2023-02-23T20:41:03.646,2023-05-11T15:43:02.583,Plant sample from Quercus rubra,"University of Tennessee, Knoxville",Plant,Quercus rubra,3512,,,,,,,,,,,,,,,,,,,Mature tree,Indiana,USA: Indiana,,,,pseudo-F2,,,,,,,,Dormant leaf buds and twig bark tissues,SAMN33427328,NRO_Reference,,SRS16943218
Quercus_362,Quercus_rubra,SRR27110051,12/6/23 13:43,12/6/23 12:41,64258651,12851730200,64258651,200,4832,,https://sra-downloadb.be-md.ncbi.nlm.nih.gov/sos9/sra-pub-zq-924/SRR027/27110/SRR27110051/SRR27110051.lite.1,SRX22799027,Illumina 100bp x 2,WGS,PCR,GENOMIC,PAIRED,0,0,ILLUMINA,Illumina HiSeq 4000,SRP463476,PRJNA1021599,,1021599,SRS19782614,SAMN38693978,simple,3512,Quercus rubra,rubra_SM1,,,,,,,no,,,,,"UNIVERSITY OF TENNESSEE, KNOXVILLE",SRA1764025,,public,8CF91BD84AEB94EC393823A74CDF2906,E15D83FF9B65AEAAE7F1EDFEA686B6B9,38693978,SAMN38693978,38693978,public,2023-12-06T00:00:00.000,2023-12-06T11:56:04.380,2023-12-06T12:29:18.900,Plant sample from Quercus rubra,"University of Tennessee, Knoxville",Plant,Quercus rubra,3512,,,,,,,,,,,,,,,,2017-01-01/2017-12-31,,,Adult,USA: Indiana,USA: Indiana,,,,,,,,,,,,Leaves,SAMN38693978,rubra_SM1,,SRS19782614
Quercus_363,Quercus_rubra,SRR32267808,2/7/25 13:46,2/7/25 13:41,22117759,6635327700,22117759,300,2063,,https://sra-downloadb.be-md.ncbi.nlm.nih.gov/sos7/sra-pub-zq-41/SRR032/32267/SRR32267808/SRR32267808.lite.1,SRX27604944,D21-315002,WGS,RANDOM,GENOMIC,PAIRED,0,0,ILLUMINA,Illumina NovaSeq 6000,SRP562241,PRJNA1220690,,1220690,SRS24014645,SAMN46722753,simple,3512,Quercus rubra,D21-315002,,,,,,,no,,,,,UNIVERSITY OF VIRGINIA,SRA2073007,,public,86E2EC2AF5104A9E8FFFB329F982130B,29B115C8CA5C450A27FBD45479E5954E,46722753,SAMN46722753,46722753,public,2025-02-07T00:00:00.000,2025-02-07T13:30:06.313,2025-02-07T14:01:10.367,Plant sample from Quercus rubra,University of Virginia,Plant,Quercus rubra,3512,,,,,,,,,,,,,,,,2021-05,,,Mature,,"USA: MA, Cambridge",,,,D21-315002 Mature Red Oak Tree,,,,,,,,leaf,SAMN46722753,D21-315002,,SRS24014645
Quercus_364,Quercus_rubra,SRR32267797,2/7/25 13:46,2/7/25 13:39,20796798,6239039400,20796798,300,1939,,https://sra-downloadb.be-md.ncbi.nlm.nih.gov/sos7/sra-pub-zq-41/SRR032/32267/SRR32267797/SRR32267797.lite.1,SRX27604955,D21-315003,WGS,RANDOM,GENOMIC,PAIRED,0,0,ILLUMINA,Illumina NovaSeq 6000,SRP562241,PRJNA1220690,,1220690,SRS24014656,SAMN46722754,simple,3512,Quercus rubra,D21-315003,,,,,,,no,,,,,UNIVERSITY OF VIRGINIA,SRA2073007,,public,A341BF72034609D23F9DC640FFDE0D7A,9ED15DA28DE839F5CEEDEAF845647217,46722754,SAMN46722754,46722754,public,2025-02-07T00:00:00.000,2025-02-07T13:30:06.323,2025-02-07T14:01:10.500,Plant sample from Quercus rubra,University of Virginia,Plant,Quercus rubra,3512,,,,,,,,,,,,,,,,2021-05,,,Mature,,"USA: MA, Cambridge",,,,D21-315003 Mature Red Oak Tree,,,,,,,,leaf,SAMN46722754,D21-315003,,SRS24014656
Quercus_365,Quercus_rubra,SRR32267770,2/7/25 13:46,2/7/25 13:40,23279081,6983724300,23279081,300,2219,,https://sra-downloadb.be-md.ncbi.nlm.nih.gov/sos7/sra-pub-zq-41/SRR032/32267/SRR32267770/SRR32267770.lite.1,SRX27604982,D21-315195,WGS,RANDOM,GENOMIC,PAIRED,0,0,ILLUMINA,Illumina NovaSeq 6000,SRP562241,PRJNA1220690,,1220690,SRS24014683,SAMN46722796,simple,3512,Quercus rubra,D21-315195,,,,,,,no,,,,,UNIVERSITY OF VIRGINIA,SRA2073007,,public,AA041000A294D25A4ED3E4E9883E9FF5,4E90492D2FD7E52FC2F4B5075A379241,46722796,SAMN46722796,46722796,public,2025-02-07T00:00:00.000,2025-02-07T13:30:06.747,2025-02-07T14:01:13.047,Plant sample from Quercus rubra,University of Virginia,Plant,Quercus rubra,3512,,,,,,,,,,,,,,,,2021-05,,,Mature,,"USA: MA, Cambridge",,,,D21-315195 Mature Red Oak Tree,,,,,,,,leaf,SAMN46722796,D21-315195,,SRS24014683
Quercus_366,Quercus_aquifolioides,SRR11398807,4/1/21 0:07,3/24/20 5:05,46627996,13988398800,46627996,300,5209,,https://sra-downloadb.be-md.ncbi.nlm.nih.gov/sos9/sra-pub-zq-922/SRR011/11398/SRR11398807/SRR11398807.lite.1,SRX7977471,NDSW66421,WGS,RANDOM,GENOMIC,PAIRED,0,0,ILLUMINA,HiSeq X Ten,SRP253817,PRJNA614601,,614601,SRS6362166,SAMN14433613,simple,1495044,Quercus aquifolioides,APDC2,,,,,,,no,,,,,"KUNMING INSTITUTE OF BOTANY, CHINESE ACADEMY OF SCIENCES",SRA1058648,,public,B78D4D8AEAE5F9F71D93A643896EF2DC,C8D8EED6BBC76D669A825733D6B03BD1,14433613,SAMN14433613,14433613,public,2021-04-01T00:50:42.427,2020-03-24T02:23:14.987,2021-04-01T00:50:42.427,Plant sample from Quercus aquifolioides,"Kunming Institute of Botany, Chinese Academy of Sciences",Plant,Quercus aquifolioides,1495044,,,,,,,,,,,,,,not collected,,,,,fruiting,,"China:Yunnan,Shangri-la,Pudacuo-Sanba",,,,individual 2,,,,,,,,Leaves,SAMN14433613,APDC2,,SRS6362166
Quercus_367,Quercus_aquifolioides,SRR11398804,4/1/21 0:07,3/24/20 5:17,47426499,14227949700,47426499,300,5120,,https://sra-downloadb.be-md.ncbi.nlm.nih.gov/sos5/sra-pub-zq-16/SRR011/11398/SRR11398804/SRR11398804.lite.1,SRX7977474,NDSW66323,WGS,RANDOM,GENOMIC,PAIRED,0,0,ILLUMINA,HiSeq X Ten,SRP253817,PRJNA614601,,614601,SRS6362170,SAMN14433616,simple,1495044,Quercus aquifolioides,APDC5,,,,,,,no,,,,,"KUNMING INSTITUTE OF BOTANY, CHINESE ACADEMY OF SCIENCES",SRA1058648,,public,2A1A34F1E623655D4FE64E1D40452768,97621DD366566599C6D9F92EC0CB5555,14433616,SAMN14433616,14433616,public,2021-04-01T00:50:42.457,2020-03-24T02:23:15.037,2021-04-01T00:50:42.457,Plant sample from Quercus aquifolioides,"Kunming Institute of Botany, Chinese Academy of Sciences",Plant,Quercus aquifolioides,1495044,,,,,,,,,,,,,,not collected,,,,,fruiting,,"China:Yunnan,Shangri-la,Pudacuo-Sanba",,,,individual 5,,,,,,,,Leaves,SAMN14433616,APDC5,,SRS6362170
Quercus_368,Quercus_guyavifolia,SRR11398769,4/1/21 0:07,3/24/20 5:26,44137289,13241186700,44137289,300,4688,,https://sra-downloadb.be-md.ncbi.nlm.nih.gov/sos9/sra-pub-zq-924/SRR011/11398/SRR11398769/SRR11398769.lite.1,SRX7977509,NDSW65375,WGS,RANDOM,GENOMIC,PAIRED,0,0,ILLUMINA,HiSeq X Ten,SRP253817,PRJNA614601,,614601,SRS6362204,SAMN14433648,simple,2294079,Quercus guyavifolia,GMXG4,,,,,,,no,,,,,"KUNMING INSTITUTE OF BOTANY, CHINESE ACADEMY OF SCIENCES",SRA1058648,,public,2F4187C4C303BF9B519D6E5F043200B7,7AC6F1A07C95E66D1A032727ABE7C619,14433648,SAMN14433648,14433648,public,2021-04-01T00:00:00.000,2020-03-24T02:23:15.540,2021-04-07T21:04:10.027,Plant sample from Quercus guyavifolia,"Kunming Institute of Botany, Chinese Academy of Sciences",Plant,Quercus guyavifolia,2294079,,,,,,,,,,,,,,not collected,,,,,fruiting,,"China:Sichuan,Xiangcheng,Maxionggou",,,,individual 4,,,,,,,,Leaves,SAMN14433648,GMXG4,,SRS6362204
Quercus_369,Quercus_guyavifolia,SRR11398764,4/1/21 0:07,3/24/20 5:46,44767218,13430165400,44767218,300,4927,,https://sra-downloadb.be-md.ncbi.nlm.nih.gov/sos8/sra-pub-zq-820/SRR011/11398/SRR11398764/SRR11398764.lite.1,SRX7977514,NDSW66329,WGS,RANDOM,GENOMIC,PAIRED,0,0,ILLUMINA,HiSeq X Ten,SRP253817,PRJNA614601,,614601,SRS6362211,SAMN14433652,simple,2294079,Quercus guyavifolia,GMXG8,,,,,,,no,,,,,"KUNMING INSTITUTE OF BOTANY, CHINESE ACADEMY OF SCIENCES",SRA1058648,,public,8992D7A2CF2DE4562025D2BEE96045EF,2AE6ACAE9892D278668AF500CA2B8CDC,14433652,SAMN14433652,14433652,public,2021-04-01T00:00:00.000,2020-03-24T02:23:15.603,2021-04-07T21:04:10.145,Plant sample from Quercus guyavifolia,"Kunming Institute of Botany, Chinese Academy of Sciences",Plant,Quercus guyavifolia,2294079,,,,,,,,,,,,,,not collected,,,,,fruiting,,"China:Sichuan,Xiangcheng,Maxionggou",,,,individual 8,,,,,,,,Leaves,SAMN14433652,GMXG8,,SRS6362211
Quercus_370,Quercus_aquifolioides,SRR13569288,2/6/21 21:25,2/6/21 20:17,438305170,1.31492E+11,438305170,300,43277,,https://sra-downloadb.be-md.ncbi.nlm.nih.gov/sos9/sra-pub-zq-924/SRR013/13569/SRR13569288/SRR13569288.lite.1,SRX9967503,Qaqu01,WGS,RANDOM,GENOMIC,PAIRED,0,0,ILLUMINA,Illumina HiSeq 4000,SRP303567,PRJNA694730,,694730,SRS8140296,SAMN17573486,simple,1495044,Quercus aquifolioides,Qaqu01,,,,,,,no,,,,,SCHOOL OF FOOD AND BIOLOGICAL ENGINEERING,SRA1188747,,public,117D3D7E17921A80101061BBA21501F8,8329F08E29683BB20BC9EF880D2AE980,17573486,SAMN17573486,17573486,public,2021-01-25T00:00:00.000,2021-01-25T21:12:05.317,2021-01-28T01:22:23.380,Plant sample from Quercus aquifolioides,School of Food and Biological Engineering,Plant,Quercus aquifolioides,1495044,,,,,,,,,,,,,,,,,,,Mature,,China: mountain,,,,Qaqu01.1,,,,,,,,leaf,SAMN17573486,Qaqu01,,SRS8140296
Quercus_371,Quercus_aquifolioides,SRR16661008,2/3/22 8:01,11/1/21 11:46,110106613,33031983900,110106613,300,10813,,https://sra-downloadb.be-md.ncbi.nlm.nih.gov/sos1/sra-pub-zq-38/SRR016/16661/SRR16661008/SRR16661008.lite.1,SRX12861796,L95,WGS,RANDOM PCR,GENOMIC,PAIRED,0,0,ILLUMINA,Illumina NovaSeq 6000,SRP343961,PRJNA773751,,773751,SRS10805041,SAMN22511312,simple,1495044,Quercus aquifolioides,s729-1-1,,,,,,,no,,,,,SOUTH CHINA BOTANICAL GARDEN,SRA1320079,,public,D90DDD8B425811E2362C0CB90956E42A,AFF48068F040CAFBCAFDD65E32410058,22511312,SAMN22511312,22511312,public,2022-02-03T00:00:00.000,2021-10-22T14:10:05.383,2022-02-03T08:02:01.654,Plant sample from Quercus aquifolioides,South China Botanical Garden,Plant,Quercus aquifolioides,1495044,,,,,,,,,,,,,,,,,,s729-1-1,s729-1-1,,China:Tibet,,,,,,,,,,,,Leaves,SAMN22511312,s729-1-1,,SRS10805041
Quercus_372,Quercus_aquifolioides,SRR16661007,2/3/22 8:01,11/1/21 12:46,99116646,29734993800,99116646,300,9070,,https://sra-downloadb.be-md.ncbi.nlm.nih.gov/sos1/sra-pub-zq-38/SRR016/16661/SRR16661007/SRR16661007.lite.1,SRX12861797,L96,WGS,RANDOM PCR,GENOMIC,PAIRED,0,0,ILLUMINA,Illumina NovaSeq 6000,SRP343961,PRJNA773751,,773751,SRS10805042,SAMN22511313,simple,1495044,Quercus aquifolioides,s729-1-3,,,,,,,no,,,,,SOUTH CHINA BOTANICAL GARDEN,SRA1320079,,public,5B609E353BB9329AFAC26AF1488AFDAF,70995AEB13B2EB5733B9AFDF111B4435,22511313,SAMN22511313,22511313,public,2022-02-03T00:00:00.000,2021-10-22T14:10:05.396,2022-02-03T08:02:03.092,Plant sample from Quercus aquifolioides,South China Botanical Garden,Plant,Quercus aquifolioides,1495044,,,,,,,,,,,,,,,,,,s729-1-3,s729-1-3,,China:Tibet,,,,,,,,,,,,Leaves,SAMN22511313,s729-1-3,,SRS10805042
Quercus_373,Quercus_dentata,SRR16996306,12/1/23 0:03,11/22/21 0:03,137896025,41368807500,137896025,300,12862,,https://sra-downloadb.be-md.ncbi.nlm.nih.gov/sos1/sra-pub-zq-38/SRR016/16996/SRR16996306/SRR16996306.lite.1,SRX13186548,L23,WGS,RANDOM PCR,GENOMIC,PAIRED,0,0,ILLUMINA,Illumina NovaSeq 6000,SRP347127,PRJNA779113,,779113,SRS11115038,SAMN23012492,simple,103484,Quercus dentata,SCXC1-1,,,,,,,no,,,,,SOUTH CHINA BOTANICAL GARDEN,SRA1332594,,public,7B0E6AB0380C9D8B83CCB9ECDF2704BE,EEC88B565717D036C5080C71265BF577,23012492,SAMN23012492,23012492,public,2023-12-01T00:50:15.247,2021-11-09T21:36:04.107,2023-12-01T00:50:15.247,Plant sample from Quercus dentata,South China Botanical Garden,Plant,Quercus dentata,103484,,,,,,,,,,,,,,,,,,XC01,not collected,,China: SiChuang,,,,,,,,,,,,Leaves,SAMN23012492,SCXC1-1,,SRS11115038
Quercus_374,Quercus_dentata,SRR16996303,12/1/23 0:03,11/21/21 23:29,129227853,38768355900,129227853,300,12036,,https://sra-downloadb.be-md.ncbi.nlm.nih.gov/sos8/sra-pub-zq-818/SRR016/16996/SRR16996303/SRR16996303.lite.1,SRX13186551,L26,WGS,RANDOM PCR,GENOMIC,PAIRED,0,0,ILLUMINA,Illumina NovaSeq 6000,SRP347127,PRJNA779113,,779113,SRS11115041,SAMN23012495,simple,103484,Quercus dentata,SCXC1-4,,,,,,,no,,,,,SOUTH CHINA BOTANICAL GARDEN,SRA1332594,,public,70B33CCD6D5B857ABE57438E157376A2,3D35F25671CE4FDD0537E713C3619BBC,23012495,SAMN23012495,23012495,public,2023-12-01T00:50:15.300,2021-11-09T21:36:04.143,2023-12-01T00:50:15.300,Plant sample from Quercus dentata,South China Botanical Garden,Plant,Quercus dentata,103484,,,,,,,,,,,,,,,,,,XC04,not collected,,China: SiChuang,,,,,,,,,,,,Leaves,SAMN23012495,SCXC1-4,,SRS11115041
Quercus_375,Quercus_dentata,SRR16996295,12/1/23 0:03,11/21/21 23:44,137660666,41298199800,137660666,300,12794,,https://sra-downloadb.be-md.ncbi.nlm.nih.gov/sos8/sra-pub-zq-820/SRR016/16996/SRR16996295/SRR16996295.lite.1,SRX13186559,L33,WGS,RANDOM PCR,GENOMIC,PAIRED,0,0,ILLUMINA,Illumina NovaSeq 6000,SRP347127,PRJNA779113,,779113,SRS11115050,SAMN23012502,simple,103484,Quercus dentata,YNJDZ1-2,,,,,,,no,,,,,SOUTH CHINA BOTANICAL GARDEN,SRA1332594,,public,B84784631CB1CBBCA5E59768A5834326,BA693F8078974C29444D55990F3FC94A,23012502,SAMN23012502,23012502,public,2023-12-01T00:50:15.407,2021-11-09T21:36:04.227,2023-12-01T00:50:15.407,Plant sample from Quercus dentata,South China Botanical Garden,Plant,Quercus dentata,103484,,,,,,,,,,,,,,,,,,LJ02,not collected,,China: YunNan,,,,,,,,,,,,Leaves,SAMN23012502,YNJDZ1-2,,SRS11115050
Quercus_376,Quercus_dentata,SRR16996281,12/1/23 0:03,11/21/21 23:32,125465699,37639709700,125465699,300,11850,,https://sra-downloadb.be-md.ncbi.nlm.nih.gov/sos8/sra-pub-zq-820/SRR016/16996/SRR16996281/SRR16996281.lite.1,SRX13186573,L7,WGS,RANDOM PCR,GENOMIC,PAIRED,0,0,ILLUMINA,Illumina NovaSeq 6000,SRP347127,PRJNA779113,,779113,SRS11115063,SAMN23012476,simple,103484,Quercus dentata,Z0914-4-1_NDSW64936,,,,,,,no,,,,,SOUTH CHINA BOTANICAL GARDEN,SRA1332594,,public,405B190269922028373A098A30033F7C,2371D403F32147B3F19EA8300309C87B,23012476,SAMN23012476,23012476,public,2023-12-01T00:50:15.040,2021-11-09T21:36:03.917,2023-12-01T00:50:15.040,Plant sample from Quercus dentata,South China Botanical Garden,Plant,Quercus dentata,103484,,,,,,,,,,,,,,,,,,QHD02,not collected,,China: HeiBei,,,,,,,,,,,,Leaves,SAMN23012476,Z0914-4-1_NDSW64936,,SRS11115063
Quercus_377,Quercus_dentata,SRR16996319,12/1/23 0:03,11/22/21 0:19,128482520,38544756000,128482520,300,12171,,https://sra-downloadb.be-md.ncbi.nlm.nih.gov/sos4/sra-pub-zq-1/SRR016/16996/SRR16996319/SRR16996319.lite.1,SRX13186535,L11,WGS,RANDOM PCR,GENOMIC,PAIRED,0,0,ILLUMINA,Illumina NovaSeq 6000,SRP347127,PRJNA779113,,779113,SRS11115025,SAMN23012480,simple,103484,Quercus dentata,s0911-4-1_NDSW64934,,,,,,,no,,,,,SOUTH CHINA BOTANICAL GARDEN,SRA1332594,,public,46772E0030946AE558FA3D75399487E9,56DC61B89715B6955FB6BFFC37D92300,23012480,SAMN23012480,23012480,public,2023-12-01T00:50:15.087,2021-11-09T21:36:03.967,2023-12-01T00:50:15.087,Plant sample from Quercus dentata,South China Botanical Garden,Plant,Quercus dentata,103484,,,,,,,,,,,,,,,,,,SJZ01,not collected,,China: HeiBei,,,,,,,,,,,,Leaves,SAMN23012480,s0911-4-1_NDSW64934,,SRS11115025